,SIREN_EPCI,NOM_EPCI,ANNEE,Nb_Permis,Part_Permis_annules,Part_Demandeurs_MEME_EPCI,Part_Demandeurs_MEME_DEP,Part_Demandeurs_BRETAGNE,Part_Demandeurs_Ouest,Part_Demandeurs_LOINTAINS,Nouveaux_Logements,Resid_secondaire,Surface_terrains,Surface_Logements,Surface_Locaux,Surface_hotels,Surface_bureaux,Surface_commerces,Surface_artisanat,Surface_industrie,Surface_bat_agricoles,Surface_entrepots,Surface_services_publics
0,200027027,CC Arc Sud Bretagne,2020,4,0.0,75.0,75.0,75.0,75.0,25.0,4,0,100358.0,295.0,592.0,0,0,0,0,0,0,571,21
1,200027027,CC Arc Sud Bretagne,2021,9,0.0,89.0,100.0,100.0,100.0,0.0,7,0,172078.0,825.0,1393.0,0,0,0,0,0,1393,0,0
2,200027027,CC Arc Sud Bretagne,2022,39,0.0,46.0,67.0,77.0,82.0,18.0,41,4,425096.0,4201.0,16990.0,0,0,0,0,0,16788,0,0
3,200027027,CC Arc Sud Bretagne,2023,41,0.0,27.0,66.0,85.0,85.0,15.0,48,3,455235.0,5055.0,3332.0,0,254,108,292,0,2196,104,88
4,200027027,CC Arc Sud Bretagne,2024,20,0.0,50.0,75.0,95.0,100.0,0.0,26,2,98033.0,2481.0,561.0,0,94,366,0,0,0,0,7
5,200027027,CC Arc Sud Bretagne,2013,6,0.0,67.0,100.0,100.0,100.0,0.0,7,1,2695.0,723.0,0.0,0,0,0,0,0,0,0,0
6,200027027,CC Arc Sud Bretagne,2014,10,0.0,40.0,50.0,60.0,60.0,40.0,10,3,24069.0,1200.0,0.0,0,0,0,0,0,0,0,0
7,200027027,CC Arc Sud Bretagne,2015,14,0.0,36.0,57.0,86.0,93.0,7.0,14,3,5520.0,1439.0,0.0,0,0,0,0,0,0,0,0
8,200027027,CC Arc Sud Bretagne,2016,16,0.0,50.0,75.0,94.0,94.0,6.0,14,3,4206.0,1744.0,2925.0,0,129,0,104,0,2121,571,0
9,200027027,CC Arc Sud Bretagne,2017,22,0.0,68.0,86.0,91.0,91.0,9.0,22,1,3329.0,2506.0,0.0,0,0,0,0,0,0,0,0
10,200027027,CC Arc Sud Bretagne,2018,31,0.0,52.0,74.0,87.0,90.0,10.0,30,5,7527.0,3409.0,7.0,0,0,0,0,7,0,0,0
11,200027027,CC Arc Sud Bretagne,2019,63,0.0,27.0,63.0,76.0,84.0,16.0,62,5,446296.0,6513.0,1154.0,0,0,1154,0,0,0,0,0
12,200027027,CC Arc Sud Bretagne,2020,45,0.0,38.0,71.0,87.0,89.0,11.0,44,7,144180.0,5300.0,151.0,0,91,0,0,0,0,60,0
13,200027027,CC Arc Sud Bretagne,2021,31,0.0,39.0,74.0,84.0,84.0,16.0,31,4,102103.0,3533.0,0.0,0,0,0,0,0,0,0,0
14,200027027,CC Arc Sud Bretagne,2022,12,0.0,58.0,75.0,100.0,100.0,0.0,11,2,25294.0,1325.0,12.0,0,0,0,0,0,12,0,0
15,200027027,CC Arc Sud Bretagne,2023,3,0.0,67.0,100.0,100.0,100.0,0.0,2,0,10468.0,489.0,384.0,0,0,0,0,0,192,0,0
16,200042174,CA Lorient Agglomération,2020,15,0.0,80.0,93.0,100.0,100.0,0.0,19,0,36848.0,1678.0,1531.0,0,664,257,0,0,0,0,610
17,200042174,CA Lorient Agglomération,2021,27,0.0,67.0,78.0,89.0,93.0,7.0,133,2,204770.0,9406.0,25760.0,9615,1090,2108,1762,0,931,614,25
18,200042174,CA Lorient Agglomération,2022,51,0.0,69.0,80.0,90.0,90.0,10.0,79,3,800712.0,8980.0,16521.0,828,1356,920,704,0,4679,1902,5775
19,200042174,CA Lorient Agglomération,2023,47,0.0,72.0,85.0,96.0,98.0,2.0,47,1,230535.0,5533.0,29808.0,0,10248,4759,1123,7185,0,6467,26
20,200042174,CA Lorient Agglomération,2024,39,0.0,74.0,79.0,90.0,92.0,8.0,168,4,1068962.0,12837.0,11774.0,0,1364,0,1579,1528,1405,1648,4250
21,200042174,CA Lorient Agglomération,2013,35,0.0,80.0,89.0,91.0,91.0,9.0,31,2,64343.0,3541.0,7603.0,0,2804,257,1563,305,0,1323,1351
22,200042174,CA Lorient Agglomération,2014,59,0.0,88.0,98.0,100.0,100.0,0.0,123,0,77400.0,12869.0,2704.0,0,303,299,729,1074,0,0,0
23,200042174,CA Lorient Agglomération,2015,65,0.0,71.0,88.0,94.0,94.0,6.0,61,1,37573.0,7317.0,6174.0,0,298,0,4082,0,0,1589,7
24,200042174,CA Lorient Agglomération,2016,66,0.0,74.0,80.0,86.0,88.0,12.0,131,2,137645.0,12027.0,8286.0,0,499,157,826,72,0,158,6574
25,200042174,CA Lorient Agglomération,2017,81,0.0,78.0,84.0,94.0,95.0,5.0,254,0,168381.0,22225.0,5806.0,0,342,0,0,17,0,4051,698
26,200042174,CA Lorient Agglomération,2018,157,0.0,76.0,86.0,95.0,96.0,4.0,250,2,100940.0,24392.0,18830.0,0,4159,2325,776,5085,0,6485,0
27,200042174,CA Lorient Agglomération,2019,109,0.0,73.0,81.0,92.0,93.0,7.0,148,2,130206.0,15111.0,9455.0,0,795,0,1605,471,0,3116,3468
28,200042174,CA Lorient Agglomération,2020,113,0.0,76.0,87.0,95.0,96.0,4.0,109,7,98817.0,12648.0,14967.0,0,1968,189,0,6610,504,3376,2320
29,200042174,CA Lorient Agglomération,2021,89,0.0,65.0,83.0,91.0,92.0,8.0,195,4,403836.0,15846.0,13834.0,0,140,5184,5820,753,0,814,1123
30,200042174,CA Lorient Agglomération,2022,108,0.0,70.0,84.0,93.0,95.0,5.0,116,4,494242.0,14804.0,1463.0,0,542,146,0,0,629,0,0
31,200042174,CA Lorient Agglomération,2023,21,0.0,67.0,71.0,90.0,90.0,10.0,48,3,16657.0,7023.0,1130.0,0,117,0,0,0,0,662,117
32,200042174,CA Lorient Agglomération,2024,3,0.0,100.0,100.0,100.0,100.0,0.0,2,0,1355.0,293.0,246.0,0,42,0,0,0,0,204,0
33,200043123,CC Auray Quiberon Terre Atlantique,2020,31,0.0,55.0,74.0,87.0,87.0,13.0,54,2,471648.0,4995.0,6495.0,0,90,0,0,0,4479,1835,91
34,200043123,CC Auray Quiberon Terre Atlantique,2021,61,0.0,54.0,87.0,92.0,92.0,8.0,137,4,508622.0,11903.0,9295.0,89,0,398,120,52,2833,0,5803
35,200043123,CC Auray Quiberon Terre Atlantique,2022,126,0.0,55.0,85.0,93.0,94.0,6.0,200,17,1626760.0,18763.0,17479.0,0,1161,2353,3792,3590,2716,3784,83
36,200043123,CC Auray Quiberon Terre Atlantique,2023,79,0.0,49.0,68.0,81.0,84.0,16.0,122,11,1040244.0,11581.0,6720.0,0,408,632,370,840,1189,3263,18
37,200043123,CC Auray Quiberon Terre Atlantique,2024,74,0.0,43.0,74.0,89.0,92.0,8.0,73,11,453571.0,7700.0,7323.0,0,616,1092,993,0,3007,1538,77
38,200043123,CC Auray Quiberon Terre Atlantique,2013,84,0.0,68.0,86.0,89.0,90.0,10.0,112,6,134861.0,11907.0,13430.0,0,5447,596,789,3370,0,1722,675
39,200043123,CC Auray Quiberon Terre Atlantique,2014,87,0.0,62.0,84.0,90.0,90.0,10.0,104,3,122901.0,11065.0,2988.0,0,1380,0,1481,0,127,0,0
40,200043123,CC Auray Quiberon Terre Atlantique,2015,96,0.0,64.0,88.0,91.0,91.0,9.0,95,3,161570.0,10373.0,5878.0,0,490,397,411,2689,1366,525,0
41,200043123,CC Auray Quiberon Terre Atlantique,2016,150,0.0,63.0,86.0,92.0,93.0,7.0,181,7,213914.0,19206.0,4012.0,0,3004,234,671,0,0,87,16
42,200043123,CC Auray Quiberon Terre Atlantique,2017,266,0.0,56.0,81.0,89.0,91.0,9.0,322,15,943426.0,31908.0,9815.0,0,194,2299,3249,2526,640,818,89
43,200043123,CC Auray Quiberon Terre Atlantique,2018,190,0.0,66.0,83.0,91.0,93.0,7.0,231,12,179569.0,24211.0,6194.0,0,3670,733,0,297,603,882,9
44,200043123,CC Auray Quiberon Terre Atlantique,2019,183,0.0,64.0,79.0,90.0,91.0,9.0,190,9,119864.0,21060.0,1522.0,0,1053,0,152,0,0,162,0
45,200043123,CC Auray Quiberon Terre Atlantique,2020,149,0.0,60.0,83.0,89.0,91.0,9.0,275,12,142567.0,27865.0,5095.0,0,718,180,1751,506,1058,882,0
46,200043123,CC Auray Quiberon Terre Atlantique,2021,260,0.0,57.0,84.0,89.0,91.0,9.0,321,14,133612.0,33151.0,4315.0,0,272,836,0,0,146,3052,9
47,200043123,CC Auray Quiberon Terre Atlantique,2022,61,0.0,66.0,84.0,95.0,95.0,5.0,93,3,47133.0,9179.0,3010.0,0,48,0,933,0,519,1510,0
48,200043123,CC Auray Quiberon Terre Atlantique,2023,22,0.0,36.0,64.0,73.0,82.0,18.0,29,3,12186.0,2756.0,1376.0,0,0,0,1376,0,0,0,0
49,200043123,CC Auray Quiberon Terre Atlantique,2024,22,0.0,55.0,77.0,91.0,91.0,9.0,39,3,18480.0,3552.0,766.0,0,49,0,716,0,0,0,1
50,200065928,CA Lannion-Trégor Communauté,2020,29,0.0,62.0,90.0,90.0,90.0,10.0,51,2,350718.0,4619.0,5390.0,0,1146,283,0,0,3687,167,107
51,200065928,CA Lannion-Trégor Communauté,2021,90,0.0,60.0,71.0,88.0,89.0,11.0,151,8,423007.0,14339.0,14760.0,0,979,0,1727,0,9569,2141,344
52,200065928,CA Lannion-Trégor Communauté,2022,134,0.0,60.0,73.0,86.0,87.0,13.0,163,14,439032.0,20397.0,13214.0,0,3791,429,388,0,5391,1785,176
53,200065928,CA Lannion-Trégor Communauté,2023,132,0.0,58.0,70.0,83.0,84.0,16.0,168,11,327604.0,15752.0,2874.0,0,93,0,360,16,1041,941,423
54,200065928,CA Lannion-Trégor Communauté,2024,78,0.0,65.0,74.0,85.0,87.0,13.0,272,13,353066.0,24689.0,4998.0,40,690,0,623,0,3408,0,237
55,200065928,CA Lannion-Trégor Communauté,2013,65,0.0,75.0,78.0,89.0,92.0,8.0,58,3,158186.0,7390.0,28348.0,0,0,0,756,0,26421,245,926
56,200065928,CA Lannion-Trégor Communauté,2014,51,0.0,82.0,92.0,94.0,94.0,6.0,49,3,128089.0,5531.0,2609.0,0,108,1159,0,0,1152,190,0
57,200065928,CA Lannion-Trégor Communauté,2015,88,0.0,69.0,90.0,93.0,94.0,6.0,114,8,85377.0,11277.0,2977.0,0,283,0,850,0,1397,255,0
58,200065928,CA Lannion-Trégor Communauté,2016,96,0.0,71.0,82.0,85.0,85.0,15.0,119,2,164131.0,12725.0,7965.0,0,0,567,541,0,6206,611,0
59,200065928,CA Lannion-Trégor Communauté,2017,94,0.0,72.0,87.0,90.0,93.0,7.0,104,3,138352.0,10746.0,5673.0,0,0,424,2861,0,272,266,1850
60,200065928,CA Lannion-Trégor Communauté,2018,75,0.0,79.0,89.0,96.0,96.0,4.0,85,2,60693.0,8925.0,3173.0,0,252,2157,368,0,0,215,0
61,200065928,CA Lannion-Trégor Communauté,2019,84,0.0,77.0,87.0,90.0,90.0,10.0,92,6,141920.0,9874.0,7069.0,0,0,0,238,0,6472,359,0
62,200065928,CA Lannion-Trégor Communauté,2020,65,0.0,69.0,85.0,94.0,94.0,6.0,66,2,48671.0,7203.0,1983.0,0,932,0,0,0,0,1051,0
63,200065928,CA Lannion-Trégor Communauté,2021,86,0.0,71.0,85.0,93.0,94.0,6.0,90,5,59367.0,8966.0,259.0,0,101,0,111,47,0,0,0
64,200065928,CA Lannion-Trégor Communauté,2022,33,0.0,76.0,79.0,85.0,88.0,12.0,30,3,147928.0,3319.0,770.0,0,71,0,0,292,0,407,0
65,200065928,CA Lannion-Trégor Communauté,2023,11,0.0,64.0,73.0,73.0,73.0,27.0,16,2,8295.0,1272.0,0.0,0,0,0,0,0,0,0,0
66,200065928,CA Lannion-Trégor Communauté,2024,19,0.0,58.0,63.0,68.0,68.0,32.0,33,3,39687.0,3138.0,1603.0,0,38,0,427,0,0,424,287
67,200066868,CC Presqu'île de Crozon-Aulne maritime,2020,9,0.0,44.0,67.0,78.0,78.0,22.0,8,1,169388.0,1144.0,99.0,0,0,0,0,0,99,0,0
68,200066868,CC Presqu'île de Crozon-Aulne maritime,2021,21,0.0,33.0,67.0,81.0,81.0,19.0,16,4,176911.0,1593.0,3327.0,0,50,0,0,0,3277,0,0
69,200066868,CC Presqu'île de Crozon-Aulne maritime,2022,11,0.0,45.0,55.0,64.0,64.0,36.0,11,3,55741.0,1330.0,473.0,0,0,0,0,0,57,0,416
70,200066868,CC Presqu'île de Crozon-Aulne maritime,2023,19,0.0,53.0,84.0,84.0,84.0,16.0,23,5,44392.0,2569.0,145.0,0,0,0,0,0,145,0,0
71,200066868,CC Presqu'île de Crozon-Aulne maritime,2024,8,0.0,62.0,62.0,75.0,88.0,12.0,5,1,35391.0,498.0,601.0,0,0,0,0,0,601,0,0
72,200066868,CC Presqu'île de Crozon-Aulne maritime,2013,15,0.0,73.0,87.0,87.0,87.0,13.0,11,1,33638.0,1277.0,3869.0,0,138,800,260,0,0,2525,146
73,200066868,CC Presqu'île de Crozon-Aulne maritime,2014,7,0.0,71.0,100.0,100.0,100.0,0.0,5,0,14775.0,565.0,664.0,0,0,0,0,0,664,0,0
74,200066868,CC Presqu'île de Crozon-Aulne maritime,2015,14,0.0,71.0,93.0,93.0,93.0,7.0,12,1,11710.0,1322.0,247.0,0,0,0,0,0,0,247,0
75,200066868,CC Presqu'île de Crozon-Aulne maritime,2016,12,0.0,33.0,58.0,58.0,58.0,42.0,9,4,132954.0,1048.0,1228.0,0,0,0,0,0,714,0,514
76,200066868,CC Presqu'île de Crozon-Aulne maritime,2017,23,0.0,65.0,83.0,87.0,87.0,13.0,20,0,127727.0,2229.0,2067.0,0,0,0,0,0,426,1641,0
77,200066868,CC Presqu'île de Crozon-Aulne maritime,2018,29,0.0,59.0,90.0,90.0,90.0,10.0,41,1,31192.0,4782.0,0.0,0,0,0,0,0,0,0,0
78,200066868,CC Presqu'île de Crozon-Aulne maritime,2019,31,0.0,65.0,77.0,84.0,84.0,16.0,42,3,42299.0,4058.0,3660.0,412,540,878,0,0,0,0,0
79,200066868,CC Presqu'île de Crozon-Aulne maritime,2020,25,0.0,56.0,88.0,96.0,96.0,4.0,23,1,39318.0,2658.0,2350.0,0,0,1465,0,0,0,885,0
80,200066868,CC Presqu'île de Crozon-Aulne maritime,2021,28,0.0,36.0,82.0,82.0,82.0,18.0,29,7,19520.0,2918.0,8.0,0,0,0,0,0,0,0,8
81,200066868,CC Presqu'île de Crozon-Aulne maritime,2022,13,0.0,31.0,92.0,92.0,100.0,0.0,13,2,8469.0,1394.0,0.0,0,0,0,0,0,0,0,0
82,200066868,CC Presqu'île de Crozon-Aulne maritime,2023,10,0.0,60.0,80.0,100.0,100.0,0.0,36,0,9846.0,2408.0,0.0,0,0,0,0,0,0,0,0
83,200066868,CC Presqu'île de Crozon-Aulne maritime,2024,3,0.0,67.0,100.0,100.0,100.0,0.0,3,1,1939.0,281.0,0.0,0,0,0,0,0,0,0,0
84,200067072,CC Haut-Léon Communauté,2020,18,0.0,72.0,78.0,83.0,83.0,17.0,9,4,263320.0,1264.0,42393.0,0,0,0,0,0,42393,0,0
85,200067072,CC Haut-Léon Communauté,2021,50,0.0,64.0,82.0,84.0,84.0,16.0,42,4,495056.0,5399.0,117692.0,0,41,0,258,0,117253,140,0
86,200067072,CC Haut-Léon Communauté,2022,44,0.0,45.0,73.0,82.0,84.0,16.0,56,10,100639.0,5470.0,1219.0,0,393,0,686,0,0,0,120
87,200067072,CC Haut-Léon Communauté,2023,68,0.0,62.0,81.0,82.0,84.0,16.0,79,7,183350.0,8272.0,32067.0,0,41,856,2546,0,27128,1161,335
88,200067072,CC Haut-Léon Communauté,2024,25,0.0,60.0,84.0,88.0,88.0,12.0,23,4,35258.0,3495.0,11258.0,0,0,0,222,0,0,0,11036
89,200067072,CC Haut-Léon Communauté,2013,23,0.0,65.0,96.0,100.0,100.0,0.0,20,2,39445.0,2495.0,10008.0,0,0,0,0,0,10008,0,0
90,200067072,CC Haut-Léon Communauté,2014,19,0.0,63.0,95.0,95.0,95.0,5.0,104,0,34358.0,6499.0,1582.0,0,330,0,550,0,702,0,0
91,200067072,CC Haut-Léon Communauté,2015,17,0.0,76.0,82.0,82.0,82.0,18.0,14,0,37578.0,1626.0,20191.0,0,248,0,0,0,18804,1139,0
92,200067072,CC Haut-Léon Communauté,2016,38,0.0,58.0,84.0,87.0,87.0,13.0,25,6,88456.0,3014.0,83689.0,0,0,0,0,0,82959,725,5
93,200067072,CC Haut-Léon Communauté,2017,58,0.0,67.0,91.0,93.0,93.0,7.0,50,2,158003.0,6081.0,41448.0,0,55,1153,0,0,40029,211,0
94,200067072,CC Haut-Léon Communauté,2018,46,0.0,67.0,98.0,98.0,98.0,2.0,42,2,61325.0,4684.0,18673.0,0,0,0,836,0,16819,780,238
95,200067072,CC Haut-Léon Communauté,2019,78,0.0,59.0,91.0,92.0,96.0,4.0,73,6,80999.0,7799.0,12962.0,0,166,0,0,0,12796,0,0
96,200067072,CC Haut-Léon Communauté,2020,91,0.0,69.0,90.0,92.0,93.0,7.0,105,4,256027.0,10571.0,71174.0,0,0,0,0,0,71174,0,0
97,200067072,CC Haut-Léon Communauté,2021,56,0.0,62.0,77.0,88.0,89.0,11.0,50,9,48283.0,5448.0,18796.0,0,51,0,0,0,18659,0,86
98,200067072,CC Haut-Léon Communauté,2022,27,0.0,74.0,89.0,96.0,96.0,4.0,25,3,24922.0,2674.0,2479.0,0,0,1650,0,0,0,829,0
99,200067072,CC Haut-Léon Communauté,2023,9,0.0,44.0,78.0,100.0,100.0,0.0,9,3,5549.0,986.0,0.0,0,0,0,0,0,0,0,0
100,200067072,CC Haut-Léon Communauté,2024,5,0.0,20.0,100.0,100.0,100.0,0.0,5,1,3583.0,707.0,0.0,0,0,0,0,0,0,0,0
101,200067247,CC Pleyben-Châteaulin-Porzay,2020,3,0.0,33.0,33.0,67.0,67.0,33.0,1,0,281285.0,154.0,196.0,0,0,0,0,8,188,0,0
102,200067247,CC Pleyben-Châteaulin-Porzay,2021,4,0.0,75.0,100.0,100.0,100.0,0.0,4,0,6930.0,338.0,0.0,0,0,0,0,0,0,0,0
103,200067247,CC Pleyben-Châteaulin-Porzay,2022,8,0.0,62.0,88.0,88.0,88.0,12.0,7,1,11779.0,693.0,141.0,0,42,0,0,0,0,99,0
104,200067247,CC Pleyben-Châteaulin-Porzay,2023,11,0.0,55.0,82.0,82.0,91.0,9.0,16,0,189494.0,1217.0,1110.0,0,0,251,0,0,608,0,0
105,200067247,CC Pleyben-Châteaulin-Porzay,2024,5,0.0,40.0,100.0,100.0,100.0,0.0,9,0,79670.0,930.0,1159.0,0,0,0,0,0,1159,0,0
106,200067247,CC Pleyben-Châteaulin-Porzay,2013,5,0.0,40.0,100.0,100.0,100.0,0.0,5,0,4808.0,771.0,0.0,0,0,0,0,0,0,0,0
107,200067247,CC Pleyben-Châteaulin-Porzay,2015,3,0.0,67.0,100.0,100.0,100.0,0.0,2,0,2202.0,218.0,85.0,0,10,37,0,0,0,38,0
108,200067247,CC Pleyben-Châteaulin-Porzay,2016,5,0.0,100.0,100.0,100.0,100.0,0.0,5,0,3342.0,534.0,0.0,0,0,0,0,0,0,0,0
109,200067247,CC Pleyben-Châteaulin-Porzay,2017,9,0.0,44.0,100.0,100.0,100.0,0.0,8,0,8191.0,873.0,111.0,0,0,0,0,0,0,111,0
110,200067247,CC Pleyben-Châteaulin-Porzay,2018,10,0.0,60.0,90.0,100.0,100.0,0.0,7,1,60605.0,885.0,3339.0,0,0,0,0,0,2925,0,414
111,200067247,CC Pleyben-Châteaulin-Porzay,2019,7,0.0,43.0,71.0,71.0,71.0,29.0,11,0,9697.0,2716.0,1920.0,960,0,0,0,0,0,0,0
112,200067247,CC Pleyben-Châteaulin-Porzay,2020,4,0.0,75.0,100.0,100.0,100.0,0.0,3,0,2175.0,246.0,14.0,0,0,14,0,0,0,0,0
113,200067247,CC Pleyben-Châteaulin-Porzay,2021,3,0.0,67.0,100.0,100.0,100.0,0.0,3,0,1973.0,311.0,0.0,0,0,0,0,0,0,0,0
114,200067247,CC Pleyben-Châteaulin-Porzay,2022,10,0.0,60.0,80.0,80.0,80.0,20.0,9,4,65323.0,894.0,280.0,0,0,0,0,0,280,0,0
115,200067247,CC Pleyben-Châteaulin-Porzay,2023,2,0.0,0.0,100.0,100.0,100.0,0.0,2,0,712.0,189.0,0.0,0,0,0,0,0,0,0,0
116,200067247,CC Pleyben-Châteaulin-Porzay,2024,2,0.0,50.0,50.0,50.0,50.0,50.0,2,0,1480.0,145.0,0.0,0,0,0,0,0,0,0,0
117,200067346,CA Pornic Agglo Pays de Retz,2020,53,0.0,42.0,83.0,79.0,89.0,11.0,48,10,142619.0,5292.0,6707.0,0,15,0,0,0,5113,1579,0
118,200067346,CA Pornic Agglo Pays de Retz,2021,45,0.0,42.0,87.0,76.0,93.0,7.0,100,6,140189.0,8735.0,3543.0,0,2660,90,786,0,0,0,7
119,200067346,CA Pornic Agglo Pays de Retz,2022,62,0.0,42.0,81.0,69.0,90.0,10.0,128,6,164856.0,16073.0,12551.0,3044,0,0,2071,0,6834,484,59
120,200067346,CA Pornic Agglo Pays de Retz,2023,38,0.0,39.0,89.0,66.0,95.0,5.0,151,2,147475.0,9194.0,3542.0,0,0,0,3470,0,0,0,72
121,200067346,CA Pornic Agglo Pays de Retz,2024,22,0.0,41.0,86.0,73.0,100.0,0.0,17,3,51200.0,2117.0,5917.0,0,5068,0,301,0,240,300,8
122,200067346,CA Pornic Agglo Pays de Retz,2013,50,0.0,14.0,86.0,88.0,94.0,6.0,58,8,26192.0,6095.0,0.0,0,0,0,0,0,0,0,0
123,200067346,CA Pornic Agglo Pays de Retz,2014,49,0.0,39.0,82.0,78.0,88.0,12.0,57,6,63542.0,6308.0,3924.0,0,237,278,480,0,2680,249,0
124,200067346,CA Pornic Agglo Pays de Retz,2015,109,0.0,46.0,83.0,85.0,94.0,6.0,109,5,54033.0,11037.0,2421.0,0,249,1745,0,0,24,403,0
125,200067346,CA Pornic Agglo Pays de Retz,2016,134,0.0,39.0,75.0,80.0,90.0,10.0,217,9,85423.0,18519.0,8.0,0,0,0,0,0,0,0,8
126,200067346,CA Pornic Agglo Pays de Retz,2017,220,0.0,38.0,85.0,86.0,93.0,7.0,252,10,115054.0,24005.0,8690.0,0,0,0,262,0,7297,1123,8
127,200067346,CA Pornic Agglo Pays de Retz,2018,176,0.0,39.0,86.0,85.0,94.0,6.0,175,9,94437.0,18246.0,907.0,0,83,0,47,0,768,0,9
128,200067346,CA Pornic Agglo Pays de Retz,2019,102,0.0,35.0,85.0,81.0,97.0,3.0,141,4,185052.0,13363.0,3982.0,0,303,196,0,342,0,536,2605
129,200067346,CA Pornic Agglo Pays de Retz,2020,32,0.0,47.0,88.0,78.0,97.0,3.0,40,0,72275.0,3639.0,3057.0,0,103,0,1178,415,0,1258,0
130,200067346,CA Pornic Agglo Pays de Retz,2021,50,0.0,38.0,82.0,82.0,90.0,10.0,154,5,58755.0,12171.0,50.0,0,42,0,0,0,0,0,8
131,200067346,CA Pornic Agglo Pays de Retz,2022,28,0.0,36.0,68.0,71.0,96.0,4.0,41,1,31999.0,3897.0,0.0,0,0,0,0,0,0,0,0
132,200067346,CA Pornic Agglo Pays de Retz,2023,6,0.0,67.0,100.0,100.0,100.0,0.0,6,0,2979.0,692.0,0.0,0,0,0,0,0,0,0,0
133,200067346,CA Pornic Agglo Pays de Retz,2024,5,0.0,40.0,60.0,100.0,100.0,0.0,7,0,3705.0,810.0,0.0,0,0,0,0,0,0,0,0
134,200067932,CA Golfe du Morbihan - Vannes Agglomération,2020,55,0.0,40.0,84.0,89.0,91.0,9.0,53,6,990792.0,7354.0,3352.0,0,0,0,0,0,799,0,2553
135,200067932,CA Golfe du Morbihan - Vannes Agglomération,2021,73,0.0,47.0,77.0,92.0,95.0,5.0,262,5,1854265.0,21606.0,16816.0,1467,2130,390,1276,0,10983,246,308
136,200067932,CA Golfe du Morbihan - Vannes Agglomération,2022,102,0.0,42.0,76.0,92.0,93.0,7.0,199,11,1589947.0,18479.0,14005.0,38,3761,977,943,0,4701,2932,653
137,200067932,CA Golfe du Morbihan - Vannes Agglomération,2023,84,0.0,51.0,79.0,87.0,89.0,11.0,137,3,995481.0,13078.0,12298.0,594,1786,0,965,2387,2746,1485,2335
138,200067932,CA Golfe du Morbihan - Vannes Agglomération,2024,44,0.0,45.0,75.0,84.0,89.0,11.0,45,2,741457.0,4827.0,10340.0,0,619,2401,1430,764,2783,1234,1109
139,200067932,CA Golfe du Morbihan - Vannes Agglomération,2013,80,0.0,46.0,81.0,89.0,91.0,9.0,105,7,116031.0,11997.0,9745.0,90,796,155,2385,0,1587,923,3809
140,200067932,CA Golfe du Morbihan - Vannes Agglomération,2014,79,0.0,39.0,71.0,81.0,84.0,16.0,144,10,62314.0,13901.0,15317.0,0,12841,0,1212,0,1020,244,0
141,200067932,CA Golfe du Morbihan - Vannes Agglomération,2015,114,0.0,57.0,82.0,89.0,89.0,11.0,158,4,95343.0,20473.0,8896.0,0,2294,0,970,239,768,3465,660
142,200067932,CA Golfe du Morbihan - Vannes Agglomération,2016,151,0.0,44.0,79.0,89.0,91.0,9.0,244,13,173939.0,24367.0,4669.0,0,601,14,458,102,1919,1094,481
143,200067932,CA Golfe du Morbihan - Vannes Agglomération,2017,279,0.0,44.0,80.0,90.0,92.0,8.0,389,21,290932.0,40226.0,24670.0,0,7392,6242,5369,0,1710,3022,935
144,200067932,CA Golfe du Morbihan - Vannes Agglomération,2018,259,0.0,46.0,80.0,90.0,92.0,8.0,558,16,305153.0,52877.0,22137.0,0,4828,1108,2392,1194,2405,4144,2656
145,200067932,CA Golfe du Morbihan - Vannes Agglomération,2019,243,0.0,44.0,75.0,83.0,86.0,14.0,288,21,1373950.0,31826.0,10704.0,0,2467,547,1485,0,0,5350,515
146,200067932,CA Golfe du Morbihan - Vannes Agglomération,2020,296,0.0,37.0,74.0,88.0,92.0,8.0,771,24,2672502.0,72013.0,18003.0,0,7058,607,1608,0,0,7422,815
147,200067932,CA Golfe du Morbihan - Vannes Agglomération,2021,251,0.0,45.0,78.0,86.0,88.0,12.0,248,19,1245073.0,29682.0,18730.0,58,4212,951,991,1788,7488,1919,854
148,200067932,CA Golfe du Morbihan - Vannes Agglomération,2022,84,0.0,38.0,79.0,89.0,93.0,7.0,96,9,217096.0,11272.0,6617.0,48,3193,1328,516,0,751,647,0
149,200067932,CA Golfe du Morbihan - Vannes Agglomération,2023,35,0.0,43.0,74.0,86.0,86.0,14.0,33,3,54734.0,4453.0,1552.0,0,497,407,0,15,0,624,9
150,200067932,CA Golfe du Morbihan - Vannes Agglomération,2024,15,0.0,40.0,80.0,100.0,100.0,0.0,29,0,41894.0,2573.0,6198.0,0,4032,0,2017,0,0,149,0
151,200067981,CA Guingamp-Paimpol Agglomération de l'Armor à l'Argoat,2020,10,0.0,50.0,70.0,100.0,100.0,0.0,21,0,27609.0,2183.0,0.0,0,0,0,0,0,0,0,0
152,200067981,CA Guingamp-Paimpol Agglomération de l'Armor à l'Argoat,2021,21,0.0,67.0,76.0,81.0,81.0,19.0,18,0,48018.0,2051.0,1859.0,0,0,232,352,0,1275,0,0
153,200067981,CA Guingamp-Paimpol Agglomération de l'Armor à l'Argoat,2022,34,0.0,62.0,76.0,97.0,97.0,3.0,33,1,42817.0,3583.0,5292.0,0,0,0,1036,0,930,0,3326
154,200067981,CA Guingamp-Paimpol Agglomération de l'Armor à l'Argoat,2023,10,0.0,50.0,60.0,80.0,90.0,10.0,9,1,37159.0,1060.0,2049.0,0,0,0,0,0,0,2049,0
155,200067981,CA Guingamp-Paimpol Agglomération de l'Armor à l'Argoat,2024,2,0.0,50.0,100.0,100.0,100.0,0.0,1,0,40961.0,164.0,750.0,0,0,0,0,0,0,0,750
156,200067981,CA Guingamp-Paimpol Agglomération de l'Armor à l'Argoat,2013,7,0.0,57.0,86.0,86.0,86.0,14.0,6,0,43881.0,848.0,7800.0,0,0,0,0,0,7800,0,0
157,200067981,CA Guingamp-Paimpol Agglomération de l'Armor à l'Argoat,2014,12,0.0,42.0,83.0,83.0,83.0,17.0,12,0,12937.0,1562.0,0.0,0,0,0,0,0,0,0,0
158,200067981,CA Guingamp-Paimpol Agglomération de l'Armor à l'Argoat,2015,11,0.0,82.0,82.0,91.0,91.0,9.0,10,0,9876.0,1219.0,110.0,0,0,0,0,0,0,110,0
159,200067981,CA Guingamp-Paimpol Agglomération de l'Armor à l'Argoat,2016,15,0.0,80.0,93.0,93.0,93.0,7.0,14,1,18649.0,1776.0,3720.0,0,0,0,0,0,3720,0,0
160,200067981,CA Guingamp-Paimpol Agglomération de l'Armor à l'Argoat,2017,31,0.0,58.0,77.0,81.0,84.0,16.0,31,2,24956.0,3448.0,10301.0,0,0,0,0,0,9926,375,0
161,200067981,CA Guingamp-Paimpol Agglomération de l'Armor à l'Argoat,2018,18,0.0,44.0,83.0,94.0,94.0,6.0,43,0,11628.0,4101.0,264.0,0,264,0,0,0,0,0,0
162,200067981,CA Guingamp-Paimpol Agglomération de l'Armor à l'Argoat,2019,21,0.0,48.0,81.0,90.0,90.0,10.0,34,1,18206.0,3192.0,7936.0,0,69,410,233,0,7224,0,0
163,200067981,CA Guingamp-Paimpol Agglomération de l'Armor à l'Argoat,2020,18,0.0,67.0,83.0,89.0,94.0,6.0,16,0,16569.0,1883.0,1086.0,0,0,382,190,0,0,514,0
164,200067981,CA Guingamp-Paimpol Agglomération de l'Armor à l'Argoat,2021,28,0.0,54.0,68.0,75.0,75.0,25.0,26,0,23308.0,3068.0,749.0,0,0,0,281,468,0,0,0
165,200067981,CA Guingamp-Paimpol Agglomération de l'Armor à l'Argoat,2022,6,0.0,50.0,67.0,83.0,83.0,17.0,6,0,5376.0,658.0,0.0,0,0,0,0,0,0,0,0
166,200067981,CA Guingamp-Paimpol Agglomération de l'Armor à l'Argoat,2023,4,0.0,25.0,50.0,50.0,75.0,25.0,4,1,2300.0,363.0,0.0,0,0,0,0,0,0,0,0
167,200067981,CA Guingamp-Paimpol Agglomération de l'Armor à l'Argoat,2024,1,0.0,100.0,100.0,100.0,100.0,0.0,2,1,1944.0,92.0,0.0,0,0,0,0,0,0,0,0
168,200068120,CA Quimper Bretagne Occidentale,2021,1,0.0,100.0,100.0,100.0,100.0,0.0,1,0,1721.0,149.0,0.0,0,0,0,0,0,0,0,0
169,200068989,CA Dinan Agglomération,2020,12,0.0,33.0,50.0,83.0,83.0,17.0,5,1,89789.0,574.0,4375.0,0,616,1484,921,17,103,1234,0
170,200068989,CA Dinan Agglomération,2021,33,0.0,9.0,61.0,97.0,100.0,0.0,21,1,310821.0,2527.0,8471.0,0,769,881,291,1905,1110,3250,265
171,200068989,CA Dinan Agglomération,2022,90,0.0,10.0,47.0,91.0,94.0,6.0,99,20,200054.0,10681.0,5281.0,0,97,785,0,3830,369,0,200
172,200068989,CA Dinan Agglomération,2023,101,0.0,15.0,45.0,76.0,82.0,18.0,94,26,185536.0,9597.0,4264.0,0,2696,488,0,0,0,771,309
173,200068989,CA Dinan Agglomération,2024,50,0.0,12.0,52.0,80.0,84.0,16.0,63,7,109562.0,5717.0,2484.0,0,388,0,0,768,0,733,595
174,200068989,CA Dinan Agglomération,2013,36,0.0,47.0,61.0,86.0,89.0,11.0,33,4,68398.0,3629.0,2810.0,0,0,0,275,0,2260,0,0
175,200068989,CA Dinan Agglomération,2014,36,0.0,67.0,81.0,94.0,97.0,3.0,31,0,83663.0,3586.0,19038.0,0,747,0,0,17018,1088,185,0
176,200068989,CA Dinan Agglomération,2015,56,0.0,36.0,54.0,96.0,96.0,4.0,51,2,72582.0,5564.0,5415.0,0,1216,0,633,2665,0,901,0
177,200068989,CA Dinan Agglomération,2016,83,0.0,43.0,65.0,86.0,88.0,12.0,76,6,119653.0,7874.0,4233.0,0,0,0,466,0,3760,0,7
178,200068989,CA Dinan Agglomération,2017,168,0.0,30.0,49.0,89.0,93.0,7.0,220,43,130387.0,21288.0,1400.0,0,0,485,640,0,0,275,0
179,200068989,CA Dinan Agglomération,2018,130,0.0,18.0,45.0,87.0,95.0,5.0,130,46,188425.0,14017.0,4429.0,0,500,0,2113,1459,357,0,0
180,200068989,CA Dinan Agglomération,2019,107,0.0,22.0,57.0,88.0,92.0,8.0,120,6,141241.0,12695.0,3882.0,0,0,115,805,238,1281,1180,244
181,200068989,CA Dinan Agglomération,2020,123,0.0,18.0,54.0,89.0,92.0,8.0,139,4,139769.0,13503.0,1608.0,0,0,981,627,0,0,0,0
182,200068989,CA Dinan Agglomération,2021,98,0.0,19.0,44.0,87.0,92.0,8.0,97,8,55064.0,10459.0,366.0,0,0,366,0,0,0,0,0
183,200068989,CA Dinan Agglomération,2022,17,0.0,29.0,59.0,82.0,94.0,6.0,15,1,105920.0,1591.0,427.0,0,0,427,0,0,0,0,0
184,200068989,CA Dinan Agglomération,2023,9,0.0,11.0,56.0,78.0,78.0,22.0,7,1,18947.0,615.0,587.0,0,330,0,0,0,0,257,0
185,200068989,CA Dinan Agglomération,2024,9,0.0,22.0,67.0,89.0,89.0,11.0,18,0,19153.0,1594.0,0.0,0,0,0,0,0,0,0,0
186,200069086,CC Leff Armor Communauté,2020,5,0.0,60.0,100.0,100.0,100.0,0.0,17,0,47984.0,1986.0,40.0,0,0,0,0,0,40,0,0
187,200069086,CC Leff Armor Communauté,2021,4,0.0,50.0,75.0,75.0,75.0,25.0,4,2,847.0,466.0,0.0,0,0,0,0,0,0,0,0
188,200069086,CC Leff Armor Communauté,2022,14,0.0,14.0,64.0,86.0,86.0,14.0,15,2,157091.0,1520.0,9.0,0,0,0,0,0,0,0,9
189,200069086,CC Leff Armor Communauté,2023,32,0.0,22.0,56.0,56.0,62.0,38.0,33,4,25778.0,3600.0,0.0,0,0,0,0,0,0,0,0
190,200069086,CC Leff Armor Communauté,2024,9,0.0,0.0,67.0,78.0,78.0,22.0,9,2,8380.0,887.0,0.0,0,0,0,0,0,0,0,0
191,200069086,CC Leff Armor Communauté,2013,3,0.0,100.0,100.0,100.0,100.0,0.0,2,0,21617.0,214.0,700.0,0,0,0,0,0,700,0,0
192,200069086,CC Leff Armor Communauté,2014,2,0.0,50.0,100.0,100.0,100.0,0.0,2,0,2162.0,271.0,0.0,0,0,0,0,0,0,0,0
193,200069086,CC Leff Armor Communauté,2015,1,0.0,100.0,100.0,100.0,100.0,0.0,1,0,819.0,104.0,0.0,0,0,0,0,0,0,0,0
194,200069086,CC Leff Armor Communauté,2016,4,0.0,75.0,75.0,75.0,75.0,25.0,3,0,0.0,263.0,151.0,0,0,0,0,0,151,0,0
195,200069086,CC Leff Armor Communauté,2017,2,0.0,50.0,50.0,100.0,100.0,0.0,2,0,0.0,232.0,0.0,0,0,0,0,0,0,0,0
196,200069086,CC Leff Armor Communauté,2018,7,0.0,71.0,71.0,71.0,71.0,29.0,7,1,589.0,691.0,0.0,0,0,0,0,0,0,0,0
197,200069086,CC Leff Armor Communauté,2019,14,0.0,71.0,93.0,100.0,100.0,0.0,14,0,0.0,1584.0,0.0,0,0,0,0,0,0,0,0
198,200069086,CC Leff Armor Communauté,2020,4,0.0,25.0,75.0,75.0,75.0,25.0,4,0,0.0,409.0,0.0,0,0,0,0,0,0,0,0
199,200069086,CC Leff Armor Communauté,2021,2,0.0,50.0,50.0,100.0,100.0,0.0,2,0,0.0,188.0,0.0,0,0,0,0,0,0,0,0
200,200069086,CC Leff Armor Communauté,2024,3,0.0,100.0,100.0,100.0,100.0,0.0,3,0,2444.0,245.0,0.0,0,0,0,0,0,0,0,0
201,200069391,CA Lamballe Terre et Mer,2020,10,0.0,40.0,60.0,90.0,90.0,10.0,9,0,50396.0,958.0,356.0,0,0,0,356,0,0,0,0
202,200069391,CA Lamballe Terre et Mer,2021,77,0.0,49.0,68.0,83.0,88.0,12.0,94,0,114368.0,10983.0,280.0,0,0,0,280,0,0,0,0
203,200069391,CA Lamballe Terre et Mer,2022,66,0.0,48.0,70.0,85.0,88.0,12.0,78,0,111953.0,7766.0,3741.0,0,0,1581,310,60,1652,0,138
204,200069391,CA Lamballe Terre et Mer,2023,39,0.0,56.0,72.0,87.0,90.0,10.0,67,7,53972.0,6524.0,968.0,0,380,0,0,0,0,588,0
205,200069391,CA Lamballe Terre et Mer,2024,37,0.0,38.0,59.0,70.0,78.0,22.0,43,9,101594.0,4726.0,1595.0,150,110,0,534,0,767,0,34
206,200069391,CA Lamballe Terre et Mer,2013,39,0.0,51.0,82.0,95.0,95.0,5.0,34,5,65551.0,4199.0,3989.0,0,0,34,485,0,2177,0,1259
207,200069391,CA Lamballe Terre et Mer,2014,32,0.0,34.0,78.0,84.0,84.0,16.0,35,3,64264.0,3603.0,408.0,0,0,0,0,0,408,0,0
208,200069391,CA Lamballe Terre et Mer,2015,32,0.0,47.0,69.0,78.0,84.0,16.0,33,5,66947.0,4567.0,2145.0,0,0,0,0,0,2145,0,0
209,200069391,CA Lamballe Terre et Mer,2016,47,0.0,57.0,74.0,85.0,85.0,15.0,53,1,79221.0,5775.0,2550.0,120,135,0,507,0,1726,33,0
210,200069391,CA Lamballe Terre et Mer,2017,53,0.0,62.0,79.0,91.0,91.0,9.0,46,0,162193.0,5216.0,1232.0,151,38,194,416,122,19,141,0
211,200069391,CA Lamballe Terre et Mer,2018,87,0.0,60.0,77.0,84.0,93.0,7.0,84,0,112353.0,9061.0,4322.0,0,685,0,620,0,72,2945,0
212,200069391,CA Lamballe Terre et Mer,2019,49,0.0,53.0,78.0,90.0,90.0,10.0,56,0,242639.0,5521.0,34.0,0,0,10,24,0,0,0,0
213,200069391,CA Lamballe Terre et Mer,2020,71,0.0,52.0,66.0,85.0,89.0,11.0,73,0,165485.0,7630.0,1501.0,0,0,0,21,0,1105,375,0
214,200069391,CA Lamballe Terre et Mer,2021,41,0.0,34.0,73.0,83.0,88.0,12.0,47,0,46870.0,5222.0,0.0,0,0,0,0,0,0,0,0
215,200069391,CA Lamballe Terre et Mer,2022,15,0.0,47.0,80.0,80.0,87.0,13.0,14,0,9182.0,1524.0,235.0,0,0,235,0,0,0,0,0
216,200069391,CA Lamballe Terre et Mer,2023,9,0.0,56.0,67.0,89.0,100.0,0.0,10,1,6397.0,1237.0,0.0,0,0,0,0,0,0,0,0
217,200069391,CA Lamballe Terre et Mer,2024,11,0.0,73.0,82.0,91.0,91.0,9.0,11,1,8217.0,1336.0,0.0,0,0,0,0,0,0,0,0
218,200069409,CA Saint-Brieuc Armor Agglomération,2020,39,0.0,72.0,90.0,97.0,97.0,3.0,89,0,175113.0,8095.0,4181.0,0,99,0,3252,0,821,9,0
219,200069409,CA Saint-Brieuc Armor Agglomération,2021,82,0.0,61.0,82.0,88.0,91.0,9.0,84,0,299622.0,9588.0,6450.0,0,662,912,2062,0,350,2446,18
220,200069409,CA Saint-Brieuc Armor Agglomération,2022,120,0.0,57.0,88.0,92.0,95.0,5.0,149,2,173839.0,18537.0,8911.0,0,1074,1614,4406,0,0,872,7
221,200069409,CA Saint-Brieuc Armor Agglomération,2023,58,0.0,71.0,90.0,91.0,91.0,9.0,71,1,235615.0,7869.0,11121.0,392,2248,0,0,1202,6043,1219,17
222,200069409,CA Saint-Brieuc Armor Agglomération,2024,46,0.0,65.0,87.0,91.0,91.0,9.0,93,3,96454.0,8643.0,4875.0,0,0,1614,1395,1228,0,638,0
223,200069409,CA Saint-Brieuc Armor Agglomération,2013,26,0.0,65.0,88.0,96.0,96.0,4.0,145,0,83298.0,10353.0,1312.0,0,1274,0,0,0,0,0,38
224,200069409,CA Saint-Brieuc Armor Agglomération,2014,68,0.0,62.0,93.0,94.0,96.0,4.0,79,4,118910.0,8156.0,4155.0,3198,0,436,0,0,128,0,393
225,200069409,CA Saint-Brieuc Armor Agglomération,2015,93,0.0,65.0,90.0,95.0,97.0,3.0,93,1,122420.0,9762.0,6402.0,0,3539,170,0,0,181,152,2360
226,200069409,CA Saint-Brieuc Armor Agglomération,2016,102,0.0,77.0,93.0,97.0,97.0,3.0,141,0,62989.0,13843.0,3081.0,0,2153,0,0,0,713,215,0
227,200069409,CA Saint-Brieuc Armor Agglomération,2017,153,0.0,67.0,87.0,92.0,93.0,7.0,331,0,172521.0,28716.0,1441.0,0,75,0,378,0,654,221,113
228,200069409,CA Saint-Brieuc Armor Agglomération,2018,140,0.0,67.0,86.0,91.0,91.0,9.0,167,0,534251.0,16879.0,6689.0,0,1026,0,2608,257,0,2771,27
229,200069409,CA Saint-Brieuc Armor Agglomération,2019,109,0.0,71.0,91.0,94.0,95.0,5.0,136,0,90531.0,14080.0,1170.0,0,0,0,991,0,0,179,0
230,200069409,CA Saint-Brieuc Armor Agglomération,2020,126,0.0,77.0,93.0,95.0,95.0,5.0,144,0,168040.0,14577.0,5214.0,0,3061,55,410,0,0,1553,135
231,200069409,CA Saint-Brieuc Armor Agglomération,2021,126,0.0,71.0,89.0,94.0,95.0,5.0,149,0,77296.0,15158.0,7637.0,0,0,0,0,0,0,1688,5949
232,200069409,CA Saint-Brieuc Armor Agglomération,2022,46,0.0,76.0,91.0,93.0,93.0,7.0,86,0,36130.0,8301.0,517.0,0,0,0,517,0,0,0,0
233,200069409,CA Saint-Brieuc Armor Agglomération,2023,14,0.0,71.0,93.0,100.0,100.0,0.0,13,0,9056.0,1715.0,1047.0,0,1047,0,0,0,0,0,0
234,200069409,CA Saint-Brieuc Armor Agglomération,2024,14,0.0,79.0,79.0,86.0,86.0,14.0,19,1,10333.0,2077.0,0.0,0,0,0,0,0,0,0,0
235,200070670,CC du Pays de Dol et de la Baie du Mont Saint-Michel,2020,4,0.0,50.0,50.0,50.0,100.0,0.0,2,0,22627.0,223.0,1297.0,0,0,0,0,0,1070,227,0
236,200070670,CC du Pays de Dol et de la Baie du Mont Saint-Michel,2021,6,0.0,67.0,100.0,100.0,100.0,0.0,11,0,155952.0,1134.0,1567.0,0,0,0,0,0,1567,0,0
237,200070670,CC du Pays de Dol et de la Baie du Mont Saint-Michel,2022,6,0.0,50.0,83.0,83.0,83.0,17.0,5,0,34201.0,591.0,1920.0,0,0,0,0,0,1920,0,0
238,200070670,CC du Pays de Dol et de la Baie du Mont Saint-Michel,2023,7,0.0,29.0,71.0,86.0,86.0,14.0,7,0,20766.0,571.0,1.0,0,0,0,0,0,1,0,0
239,200070670,CC du Pays de Dol et de la Baie du Mont Saint-Michel,2024,9,0.0,56.0,89.0,89.0,89.0,11.0,8,0,23159.0,817.0,1106.0,0,0,0,1106,0,0,0,0
240,200070670,CC du Pays de Dol et de la Baie du Mont Saint-Michel,2013,1,0.0,0.0,100.0,100.0,100.0,0.0,0,0,5248.0,0.0,220.0,0,0,0,0,0,220,0,0
241,200070670,CC du Pays de Dol et de la Baie du Mont Saint-Michel,2014,2,0.0,50.0,100.0,100.0,100.0,0.0,1,0,8151.0,116.0,80.0,0,0,0,0,0,80,0,0
242,200070670,CC du Pays de Dol et de la Baie du Mont Saint-Michel,2015,4,0.0,75.0,100.0,100.0,100.0,0.0,2,0,4098.0,216.0,576.0,563,13,0,0,0,0,0,0
243,200070670,CC du Pays de Dol et de la Baie du Mont Saint-Michel,2016,1,0.0,100.0,100.0,100.0,100.0,0.0,1,0,5248.0,164.0,0.0,0,0,0,0,0,0,0,0
244,200070670,CC du Pays de Dol et de la Baie du Mont Saint-Michel,2018,6,0.0,67.0,83.0,83.0,83.0,17.0,5,0,39206.0,624.0,284.0,0,142,0,0,0,0,0,0
245,200070670,CC du Pays de Dol et de la Baie du Mont Saint-Michel,2019,2,0.0,100.0,100.0,100.0,100.0,0.0,1,0,3196.0,82.0,575.0,0,140,0,435,0,0,0,0
246,200070670,CC du Pays de Dol et de la Baie du Mont Saint-Michel,2020,2,0.0,0.0,50.0,50.0,50.0,50.0,3,0,1680.0,373.0,0.0,0,0,0,0,0,0,0,0
247,200070670,CC du Pays de Dol et de la Baie du Mont Saint-Michel,2021,1,0.0,100.0,100.0,100.0,100.0,0.0,1,0,1113.0,123.0,0.0,0,0,0,0,0,0,0,0
248,200070670,CC du Pays de Dol et de la Baie du Mont Saint-Michel,2022,1,0.0,0.0,0.0,0.0,100.0,0.0,1,0,302.0,71.0,0.0,0,0,0,0,0,0,0,0
249,200070670,CC du Pays de Dol et de la Baie du Mont Saint-Michel,2023,9,0.0,67.0,100.0,100.0,100.0,0.0,7,0,15305.0,523.0,1699.0,1627,0,0,0,0,72,0,0
250,200070670,CC du Pays de Dol et de la Baie du Mont Saint-Michel,2024,6,0.0,17.0,67.0,83.0,83.0,17.0,4,1,9074.0,298.0,1792.0,1627,0,0,0,0,0,0,165
251,200072734,CC Estuaire et Sillon,2020,5,0.0,20.0,20.0,20.0,20.0,80.0,5,0,6307.0,777.0,0.0,0,0,0,0,0,0,0,0
252,200072734,CC Estuaire et Sillon,2021,15,0.0,40.0,60.0,60.0,67.0,33.0,14,0,96797.0,1505.0,244.0,0,0,0,0,0,225,0,19
253,200072734,CC Estuaire et Sillon,2022,7,0.0,57.0,86.0,43.0,86.0,14.0,3,0,36415.0,402.0,2476.0,0,0,382,390,17,0,1687,0
254,200072734,CC Estuaire et Sillon,2023,33,0.0,33.0,33.0,36.0,36.0,64.0,37,1,12840.0,3522.0,0.0,0,0,0,0,0,0,0,0
255,200072734,CC Estuaire et Sillon,2024,9,0.0,33.0,56.0,22.0,56.0,44.0,6,0,6123.0,633.0,1269.0,0,0,0,0,0,0,1269,0
256,200072734,CC Estuaire et Sillon,2013,5,0.0,20.0,0.0,0.0,0.0,100.0,5,0,2262.0,506.0,0.0,0,0,0,0,0,0,0,0
257,200072734,CC Estuaire et Sillon,2014,12,0.0,25.0,67.0,67.0,67.0,33.0,12,0,5919.0,1176.0,0.0,0,0,0,0,0,0,0,0
258,200072734,CC Estuaire et Sillon,2015,7,0.0,29.0,86.0,86.0,86.0,14.0,7,0,5262.0,700.0,0.0,0,0,0,0,0,0,0,0
259,200072734,CC Estuaire et Sillon,2016,9,0.0,44.0,100.0,89.0,100.0,0.0,8,0,11943.0,697.0,1988.0,0,0,0,0,0,0,0,1988
260,200072734,CC Estuaire et Sillon,2017,7,0.0,29.0,57.0,43.0,57.0,43.0,6,0,5991.0,585.0,3328.0,0,808,0,0,2520,0,0,0
261,200072734,CC Estuaire et Sillon,2018,12,0.0,42.0,50.0,50.0,50.0,50.0,12,0,6705.0,1257.0,0.0,0,0,0,0,0,0,0,0
262,200072734,CC Estuaire et Sillon,2019,5,0.0,60.0,60.0,60.0,60.0,40.0,5,1,6347.0,639.0,0.0,0,0,0,0,0,0,0,0
263,200072734,CC Estuaire et Sillon,2020,1,0.0,0.0,100.0,100.0,100.0,0.0,1,0,0.0,116.0,0.0,0,0,0,0,0,0,0,0
264,200072734,CC Estuaire et Sillon,2021,3,0.0,0.0,33.0,33.0,33.0,67.0,3,0,1733.0,361.0,0.0,0,0,0,0,0,0,0,0
265,242900074,CC du Pays d'Iroise,2020,19,0.0,63.0,89.0,89.0,89.0,11.0,14,0,58883.0,1799.0,2826.0,0,170,0,113,0,1433,0,1110
266,242900074,CC du Pays d'Iroise,2021,36,0.0,67.0,89.0,92.0,94.0,6.0,62,1,331579.0,5903.0,1852.0,0,0,0,0,0,1036,119,697
267,242900074,CC du Pays d'Iroise,2022,122,0.0,52.0,89.0,90.0,92.0,8.0,136,6,718489.0,13550.0,2652.0,0,324,0,0,0,575,1699,0
268,242900074,CC du Pays d'Iroise,2023,89,0.0,53.0,92.0,93.0,93.0,7.0,94,1,339768.0,8981.0,2005.0,0,50,0,863,18,589,285,10
269,242900074,CC du Pays d'Iroise,2024,30,0.0,53.0,90.0,93.0,93.0,7.0,25,2,192858.0,2680.0,1395.0,0,164,0,0,9,578,635,9
270,242900074,CC du Pays d'Iroise,2013,22,0.0,55.0,95.0,100.0,100.0,0.0,21,0,65796.0,2389.0,3055.0,0,139,0,0,0,1925,375,616
271,242900074,CC du Pays d'Iroise,2014,16,0.0,62.0,88.0,88.0,88.0,12.0,14,1,15454.0,1963.0,1232.0,0,0,0,327,0,0,905,0
272,242900074,CC du Pays d'Iroise,2015,29,0.0,62.0,83.0,86.0,86.0,14.0,27,1,19281.0,3466.0,361.0,0,0,0,0,0,131,230,0
273,242900074,CC du Pays d'Iroise,2016,41,0.0,59.0,88.0,90.0,90.0,10.0,38,2,87931.0,4605.0,15425.0,0,58,0,0,0,15221,146,0
274,242900074,CC du Pays d'Iroise,2017,70,0.0,50.0,90.0,90.0,90.0,10.0,67,1,277860.0,7161.0,1462.0,0,0,0,0,0,837,0,625
275,242900074,CC du Pays d'Iroise,2018,81,0.0,48.0,96.0,96.0,96.0,4.0,82,0,138036.0,8992.0,598.0,0,64,0,463,0,0,71,0
276,242900074,CC du Pays d'Iroise,2019,101,0.0,65.0,94.0,95.0,95.0,5.0,114,0,238067.0,11683.0,291.0,0,0,0,142,0,0,149,0
277,242900074,CC du Pays d'Iroise,2020,92,0.0,53.0,92.0,92.0,92.0,8.0,94,0,84424.0,10301.0,362.0,0,0,0,362,0,0,0,0
278,242900074,CC du Pays d'Iroise,2021,32,0.0,56.0,100.0,100.0,100.0,0.0,32,0,19236.0,3248.0,192.0,0,0,0,0,0,96,0,0
279,242900074,CC du Pays d'Iroise,2022,10,0.0,40.0,90.0,90.0,100.0,0.0,11,0,8738.0,1188.0,0.0,0,0,0,0,0,0,0,0
280,242900074,CC du Pays d'Iroise,2023,9,0.0,89.0,89.0,89.0,89.0,11.0,8,0,10582.0,863.0,112.0,0,0,0,0,0,0,112,0
281,242900074,CC du Pays d'Iroise,2024,4,0.0,75.0,100.0,100.0,100.0,0.0,4,1,5869.0,421.0,0.0,0,0,0,0,0,0,0,0
282,242900314,Brest Métropole,2020,25,0.0,72.0,84.0,88.0,88.0,12.0,82,0,918518.0,6304.0,12338.0,3072,6757,34,0,2175,285,8,7
283,242900314,Brest Métropole,2021,122,0.0,75.0,95.0,97.0,97.0,3.0,201,1,971232.0,18512.0,44098.0,174,1694,0,0,3449,37550,592,282
284,242900314,Brest Métropole,2022,111,0.0,69.0,93.0,95.0,96.0,4.0,120,0,707634.0,13673.0,17134.0,0,2112,4757,0,6627,2248,0,0
285,242900314,Brest Métropole,2023,54,0.0,59.0,87.0,93.0,94.0,6.0,119,1,239401.0,10062.0,26780.0,6196,6418,439,1460,3296,1933,6190,235
286,242900314,Brest Métropole,2024,52,0.0,75.0,96.0,98.0,100.0,0.0,37,0,206102.0,4884.0,16511.0,0,3058,140,543,1240,390,2214,8536
287,242900314,Brest Métropole,2013,18,0.0,78.0,94.0,94.0,94.0,6.0,15,0,56384.0,2117.0,2287.0,0,222,0,0,0,0,2057,8
288,242900314,Brest Métropole,2014,67,0.0,78.0,97.0,97.0,97.0,3.0,74,1,138497.0,7716.0,13407.0,0,632,4405,414,0,3640,2496,1820
289,242900314,Brest Métropole,2015,50,0.0,68.0,94.0,96.0,96.0,4.0,162,0,119748.0,12914.0,1045.0,0,0,829,0,0,216,0,0
290,242900314,Brest Métropole,2016,79,0.0,72.0,94.0,96.0,96.0,4.0,180,0,255194.0,14232.0,7833.0,0,1141,359,129,0,1944,434,3826
291,242900314,Brest Métropole,2017,116,0.0,71.0,89.0,94.0,95.0,5.0,509,0,577981.0,40162.0,21938.0,1757,0,1207,0,8,4552,0,5737
292,242900314,Brest Métropole,2018,172,0.0,77.0,98.0,99.0,99.0,1.0,190,0,540770.0,19837.0,15127.0,0,7250,0,2503,485,1362,2184,1343
293,242900314,Brest Métropole,2019,82,0.0,80.0,96.0,96.0,96.0,4.0,167,1,89296.0,20212.0,1577.0,0,1082,0,424,8,0,0,0
294,242900314,Brest Métropole,2020,64,0.0,81.0,100.0,100.0,100.0,0.0,151,0,270353.0,12452.0,9378.0,0,3564,0,0,3498,1824,492,0
295,242900314,Brest Métropole,2021,31,0.0,81.0,100.0,100.0,100.0,0.0,27,0,38990.0,3095.0,5230.0,0,4133,0,122,975,0,0,0
296,242900314,Brest Métropole,2022,9,0.0,78.0,100.0,100.0,100.0,0.0,9,1,5569.0,1154.0,0.0,0,0,0,0,0,0,0,0
297,242900314,Brest Métropole,2023,8,0.0,62.0,100.0,100.0,100.0,0.0,6,0,13778.0,1023.0,404.0,0,0,0,0,0,177,0,50
298,242900314,Brest Métropole,2024,7,0.0,57.0,71.0,86.0,100.0,0.0,90,0,86909.0,12186.0,23926.0,0,9698,163,0,0,148,0,1954
299,242900553,CC du Pays des Abers,2020,10,0.0,80.0,90.0,90.0,100.0,0.0,4,0,264170.0,255.0,5538.0,0,0,0,717,0,4464,0,357
300,242900553,CC du Pays des Abers,2021,38,0.0,50.0,74.0,76.0,76.0,24.0,49,1,107711.0,4515.0,1497.0,0,0,171,0,14,1305,7,0
301,242900553,CC du Pays des Abers,2022,34,0.0,53.0,91.0,94.0,94.0,6.0,32,0,127893.0,3377.0,2300.0,0,0,0,0,7,2293,0,0
302,242900553,CC du Pays des Abers,2023,25,0.0,60.0,96.0,100.0,100.0,0.0,54,2,39331.0,4261.0,477.0,0,0,0,0,0,0,0,477
303,242900553,CC du Pays des Abers,2024,42,0.0,67.0,86.0,88.0,88.0,12.0,41,7,66112.0,3841.0,2471.0,0,0,1423,0,1048,0,0,0
304,242900553,CC du Pays des Abers,2013,12,0.0,58.0,92.0,100.0,100.0,0.0,10,0,38556.0,1372.0,2187.0,0,0,1245,0,942,0,0,0
305,242900553,CC du Pays des Abers,2014,14,0.0,57.0,100.0,100.0,100.0,0.0,14,0,9853.0,1550.0,0.0,0,0,0,0,0,0,0,0
306,242900553,CC du Pays des Abers,2015,16,0.0,75.0,100.0,100.0,100.0,0.0,15,0,30348.0,1738.0,1056.0,0,0,0,0,0,1056,0,0
307,242900553,CC du Pays des Abers,2016,28,0.0,57.0,96.0,96.0,96.0,4.0,27,0,109843.0,2815.0,855.0,0,0,0,0,0,855,0,0
308,242900553,CC du Pays des Abers,2017,47,0.0,64.0,100.0,100.0,100.0,0.0,46,0,132366.0,4911.0,447.0,0,105,0,0,0,0,342,0
309,242900553,CC du Pays des Abers,2018,52,0.0,69.0,98.0,98.0,98.0,2.0,53,0,62571.0,5640.0,2087.0,0,132,0,500,965,0,0,490
310,242900553,CC du Pays des Abers,2019,69,0.0,64.0,91.0,91.0,91.0,9.0,69,0,39204.0,7235.0,1428.0,0,0,0,0,8,1420,0,0
311,242900553,CC du Pays des Abers,2020,52,0.0,60.0,87.0,87.0,87.0,13.0,56,0,48928.0,5662.0,10240.0,0,0,0,0,0,10240,0,0
312,242900553,CC du Pays des Abers,2021,48,0.0,48.0,85.0,92.0,92.0,8.0,46,0,86492.0,4852.0,1919.0,0,41,0,1394,0,89,395,0
313,242900553,CC du Pays des Abers,2022,10,0.0,50.0,80.0,80.0,80.0,20.0,11,0,6418.0,1145.0,0.0,0,0,0,0,0,0,0,0
314,242900553,CC du Pays des Abers,2023,4,0.0,50.0,75.0,75.0,75.0,25.0,4,2,2944.0,488.0,0.0,0,0,0,0,0,0,0,0
315,242900629,CC Cap Sizun - Pointe du Raz,2020,7,0.0,14.0,57.0,71.0,71.0,29.0,5,1,60566.0,702.0,520.0,0,475,0,45,0,0,0,0
316,242900629,CC Cap Sizun - Pointe du Raz,2021,24,0.0,33.0,83.0,88.0,88.0,12.0,24,2,19898.0,2528.0,0.0,0,0,0,0,0,0,0,0
317,242900629,CC Cap Sizun - Pointe du Raz,2022,34,0.0,38.0,71.0,79.0,79.0,21.0,34,4,25195.0,3599.0,368.0,0,0,0,0,368,0,0,0
318,242900629,CC Cap Sizun - Pointe du Raz,2023,28,0.0,43.0,75.0,79.0,79.0,21.0,29,2,40976.0,2786.0,2637.0,0,502,0,792,0,0,1343,0
319,242900629,CC Cap Sizun - Pointe du Raz,2024,21,0.0,48.0,62.0,67.0,67.0,33.0,20,2,38953.0,1771.0,1736.0,0,0,0,15,0,0,0,1721
320,242900629,CC Cap Sizun - Pointe du Raz,2013,6,0.0,67.0,67.0,67.0,67.0,33.0,6,0,7761.0,827.0,0.0,0,0,0,0,0,0,0,0
321,242900629,CC Cap Sizun - Pointe du Raz,2014,9,0.0,67.0,89.0,89.0,89.0,11.0,8,0,36442.0,971.0,480.0,0,0,0,0,0,480,0,0
322,242900629,CC Cap Sizun - Pointe du Raz,2015,3,0.0,100.0,100.0,100.0,100.0,0.0,2,0,4941.0,236.0,1008.0,0,0,0,0,0,1008,0,0
323,242900629,CC Cap Sizun - Pointe du Raz,2016,11,0.0,55.0,82.0,82.0,91.0,9.0,8,2,22403.0,723.0,1313.0,0,0,0,0,0,720,120,473
324,242900629,CC Cap Sizun - Pointe du Raz,2017,12,0.0,75.0,92.0,92.0,92.0,8.0,13,2,10492.0,1184.0,0.0,0,0,0,0,0,0,0,0
325,242900629,CC Cap Sizun - Pointe du Raz,2018,10,0.0,50.0,60.0,80.0,80.0,20.0,9,1,18923.0,869.0,457.0,0,0,343,0,0,0,114,0
326,242900629,CC Cap Sizun - Pointe du Raz,2019,17,0.0,76.0,94.0,94.0,94.0,6.0,15,0,36186.0,1661.0,716.0,0,0,0,0,0,716,0,0
327,242900629,CC Cap Sizun - Pointe du Raz,2020,14,0.0,57.0,100.0,100.0,100.0,0.0,12,2,9484.0,1029.0,760.0,0,119,0,379,0,0,262,0
328,242900629,CC Cap Sizun - Pointe du Raz,2021,7,0.0,43.0,71.0,86.0,86.0,14.0,7,1,6247.0,643.0,0.0,0,0,0,0,0,0,0,0
329,242900629,CC Cap Sizun - Pointe du Raz,2022,6,0.0,33.0,67.0,67.0,67.0,33.0,5,0,6437.0,578.0,482.0,0,0,0,0,0,0,482,0
330,242900629,CC Cap Sizun - Pointe du Raz,2023,1,0.0,0.0,100.0,100.0,100.0,0.0,1,0,630.0,157.0,0.0,0,0,0,0,0,0,0,0
331,242900645,CC Douarnenez Communauté,2020,5,0.0,60.0,100.0,100.0,100.0,0.0,3,0,77378.0,347.0,1650.0,0,0,0,0,0,1650,0,0
332,242900645,CC Douarnenez Communauté,2021,10,0.0,60.0,80.0,90.0,90.0,10.0,8,1,26641.0,972.0,192.0,0,0,0,0,0,76,0,116
333,242900645,CC Douarnenez Communauté,2022,11,0.0,36.0,82.0,82.0,91.0,9.0,9,0,18662.0,941.0,1493.0,0,36,0,498,0,0,959,0
334,242900645,CC Douarnenez Communauté,2023,16,0.0,38.0,81.0,94.0,94.0,6.0,17,1,20090.0,1808.0,95.0,0,95,0,0,0,0,0,0
335,242900645,CC Douarnenez Communauté,2024,12,0.0,50.0,75.0,83.0,83.0,17.0,56,0,18710.0,3745.0,1510.0,0,162,0,116,0,1116,0,0
336,242900645,CC Douarnenez Communauté,2014,9,0.0,44.0,100.0,100.0,100.0,0.0,9,0,4900.0,955.0,0.0,0,0,0,0,0,0,0,0
337,242900645,CC Douarnenez Communauté,2015,1,0.0,100.0,100.0,100.0,100.0,0.0,1,0,538.0,102.0,0.0,0,0,0,0,0,0,0,0
338,242900645,CC Douarnenez Communauté,2016,5,0.0,40.0,100.0,100.0,100.0,0.0,5,0,2830.0,468.0,0.0,0,0,0,0,0,0,0,0
339,242900645,CC Douarnenez Communauté,2017,6,0.0,67.0,83.0,83.0,100.0,0.0,6,0,3264.0,605.0,0.0,0,0,0,0,0,0,0,0
340,242900645,CC Douarnenez Communauté,2018,10,0.0,50.0,80.0,80.0,80.0,20.0,7,0,45033.0,754.0,2561.0,0,0,1716,0,0,0,836,9
341,242900645,CC Douarnenez Communauté,2019,34,0.0,62.0,88.0,88.0,91.0,9.0,33,2,23522.0,3405.0,9.0,0,0,0,0,9,0,0,0
342,242900645,CC Douarnenez Communauté,2020,26,0.0,73.0,92.0,92.0,92.0,8.0,30,1,58713.0,2849.0,0.0,0,0,0,0,0,0,0,0
343,242900645,CC Douarnenez Communauté,2021,25,0.0,56.0,96.0,96.0,96.0,4.0,24,0,31841.0,2632.0,51.0,0,0,0,0,0,0,51,0
344,242900645,CC Douarnenez Communauté,2022,11,0.0,55.0,64.0,73.0,82.0,18.0,10,0,5954.0,1124.0,250.0,0,0,0,0,0,0,250,0
345,242900645,CC Douarnenez Communauté,2023,1,0.0,100.0,100.0,100.0,100.0,0.0,1,0,485.0,74.0,0.0,0,0,0,0,0,0,0,0
346,242900645,CC Douarnenez Communauté,2024,3,0.0,100.0,100.0,100.0,100.0,0.0,5,0,2509.0,472.0,0.0,0,0,0,0,0,0,0,0
347,242900660,CC du Pays Fouesnantais,2020,29,0.0,21.0,79.0,83.0,83.0,17.0,176,3,321040.0,14778.0,3083.0,0,43,1203,0,7,0,0,1244
348,242900660,CC du Pays Fouesnantais,2021,84,0.0,42.0,89.0,96.0,96.0,4.0,105,3,314745.0,11361.0,4335.0,0,0,2356,275,7,464,769,0
349,242900660,CC du Pays Fouesnantais,2022,69,0.0,45.0,88.0,93.0,93.0,7.0,64,2,254959.0,7568.0,2463.0,0,184,876,0,0,118,1048,119
350,242900660,CC du Pays Fouesnantais,2023,81,0.0,32.0,64.0,94.0,95.0,5.0,151,3,449309.0,14900.0,1920.0,0,0,356,0,0,457,0,325
351,242900660,CC du Pays Fouesnantais,2024,38,0.0,26.0,71.0,79.0,87.0,13.0,36,3,234106.0,5188.0,3299.0,0,0,1496,0,0,861,192,270
352,242900660,CC du Pays Fouesnantais,2013,21,0.0,43.0,90.0,90.0,90.0,10.0,21,1,29834.0,3294.0,0.0,0,0,0,0,0,0,0,0
353,242900660,CC du Pays Fouesnantais,2014,22,0.0,41.0,77.0,82.0,82.0,18.0,22,2,19354.0,3314.0,0.0,0,0,0,0,0,0,0,0
354,242900660,CC du Pays Fouesnantais,2015,24,0.0,42.0,88.0,88.0,88.0,12.0,24,2,16269.0,2873.0,0.0,0,0,0,0,0,0,0,0
355,242900660,CC du Pays Fouesnantais,2016,39,0.0,36.0,87.0,87.0,87.0,13.0,58,3,52650.0,6022.0,0.0,0,0,0,0,0,0,0,0
356,242900660,CC du Pays Fouesnantais,2017,91,0.0,33.0,81.0,86.0,90.0,10.0,105,11,241809.0,12471.0,6442.0,0,0,6413,0,0,0,29,0
357,242900660,CC du Pays Fouesnantais,2018,102,0.0,37.0,83.0,88.0,89.0,11.0,138,9,197544.0,13794.0,0.0,0,0,0,0,0,0,0,0
358,242900660,CC du Pays Fouesnantais,2019,109,0.0,28.0,85.0,89.0,89.0,11.0,117,9,254297.0,12273.0,966.0,0,0,0,293,0,0,277,396
359,242900660,CC du Pays Fouesnantais,2020,88,0.0,39.0,84.0,90.0,91.0,9.0,111,7,217784.0,11736.0,44.0,0,0,44,0,0,0,0,0
360,242900660,CC du Pays Fouesnantais,2021,53,0.0,45.0,85.0,91.0,92.0,8.0,75,7,170404.0,7576.0,207.0,0,0,0,0,172,0,35,0
361,242900660,CC du Pays Fouesnantais,2022,13,0.0,31.0,69.0,69.0,69.0,31.0,45,4,9050.0,3973.0,0.0,0,0,0,0,0,0,0,0
362,242900660,CC du Pays Fouesnantais,2023,7,0.0,86.0,86.0,100.0,100.0,0.0,9,0,4316.0,949.0,92.0,0,0,0,0,0,46,0,0
363,242900660,CC du Pays Fouesnantais,2024,11,0.0,18.0,100.0,100.0,100.0,0.0,14,1,20611.0,2894.0,1754.0,0,873,0,0,0,8,0,0
364,242900694,CA Quimperlé Communauté,2020,17,0.0,35.0,59.0,82.0,82.0,18.0,20,0,67381.0,2112.0,3229.0,0,0,0,0,0,3229,0,0
365,242900694,CA Quimperlé Communauté,2021,32,0.0,34.0,56.0,88.0,94.0,6.0,32,2,224129.0,3614.0,4557.0,0,0,0,590,0,3960,0,7
366,242900694,CA Quimperlé Communauté,2022,79,0.0,44.0,61.0,90.0,92.0,8.0,119,1,54931.0,10652.0,371.0,0,57,0,0,0,0,290,24
367,242900694,CA Quimperlé Communauté,2023,103,0.0,37.0,42.0,87.0,87.0,13.0,97,7,100113.0,9823.0,2259.0,0,177,177,780,0,104,917,0
368,242900694,CA Quimperlé Communauté,2024,50,0.0,34.0,44.0,74.0,74.0,26.0,131,6,68497.0,11079.0,94.0,0,0,0,0,0,0,0,94
369,242900694,CA Quimperlé Communauté,2013,6,0.0,33.0,33.0,67.0,67.0,33.0,6,1,8682.0,755.0,0.0,0,0,0,0,0,0,0,0
370,242900694,CA Quimperlé Communauté,2014,13,0.0,69.0,77.0,92.0,100.0,0.0,12,0,9693.0,1611.0,14.0,0,7,0,0,0,0,0,0
371,242900694,CA Quimperlé Communauté,2015,22,0.0,64.0,64.0,86.0,86.0,14.0,22,3,16514.0,2661.0,0.0,0,0,0,0,0,0,0,0
372,242900694,CA Quimperlé Communauté,2016,25,0.0,56.0,56.0,92.0,92.0,8.0,25,3,17001.0,3238.0,0.0,0,0,0,0,0,0,0,0
373,242900694,CA Quimperlé Communauté,2017,40,0.0,48.0,68.0,95.0,95.0,5.0,60,2,112391.0,7295.0,809.0,0,135,287,0,0,65,35,0
374,242900694,CA Quimperlé Communauté,2018,43,0.0,47.0,49.0,84.0,86.0,14.0,44,3,38328.0,4715.0,112.0,44,0,0,0,0,0,34,0
375,242900694,CA Quimperlé Communauté,2019,30,0.0,47.0,63.0,83.0,83.0,17.0,46,0,21761.0,4154.0,7.0,0,0,0,0,0,0,0,7
376,242900694,CA Quimperlé Communauté,2020,36,0.0,44.0,56.0,86.0,86.0,14.0,36,5,16326.0,3704.0,0.0,0,0,0,0,0,0,0,0
377,242900694,CA Quimperlé Communauté,2021,43,0.0,40.0,51.0,88.0,88.0,12.0,83,6,36833.0,7189.0,13.0,0,0,0,0,0,0,13,0
378,242900694,CA Quimperlé Communauté,2022,16,0.0,25.0,31.0,88.0,88.0,12.0,38,0,18649.0,4901.0,360.0,0,0,180,0,0,0,0,0
379,242900694,CA Quimperlé Communauté,2023,4,0.0,0.0,0.0,50.0,50.0,50.0,4,0,1578.0,401.0,0.0,0,0,0,0,0,0,0,0
380,242900702,CC du Pays Bigouden Sud,2020,22,0.0,68.0,77.0,82.0,82.0,18.0,32,1,153253.0,3008.0,1610.0,0,0,0,331,0,1139,140,0
381,242900702,CC du Pays Bigouden Sud,2021,89,0.0,52.0,73.0,82.0,83.0,17.0,119,10,470931.0,12585.0,7442.0,114,180,1161,923,0,2914,2149,1
382,242900702,CC du Pays Bigouden Sud,2022,86,0.0,55.0,83.0,86.0,87.0,13.0,106,10,302798.0,11279.0,4059.0,0,21,260,630,0,0,1674,1474
383,242900702,CC du Pays Bigouden Sud,2023,90,0.0,50.0,72.0,81.0,84.0,16.0,137,16,112729.0,17737.0,1712.0,0,160,331,0,0,0,1091,130
384,242900702,CC du Pays Bigouden Sud,2024,74,0.0,43.0,66.0,73.0,73.0,27.0,112,10,264801.0,10668.0,5968.0,0,0,2979,296,0,265,2428,0
385,242900702,CC du Pays Bigouden Sud,2013,27,0.0,70.0,81.0,81.0,85.0,15.0,21,4,50636.0,2968.0,3777.0,0,1333,963,627,0,0,500,354
386,242900702,CC du Pays Bigouden Sud,2014,37,0.0,62.0,89.0,89.0,89.0,11.0,44,5,71227.0,5300.0,358.0,0,0,0,237,0,0,0,65
387,242900702,CC du Pays Bigouden Sud,2015,45,0.0,56.0,93.0,96.0,98.0,2.0,41,3,77310.0,4869.0,1114.0,0,0,0,0,0,898,0,216
388,242900702,CC du Pays Bigouden Sud,2016,53,0.0,70.0,85.0,89.0,91.0,9.0,45,3,203002.0,5247.0,1966.0,0,335,707,372,351,201,0,0
389,242900702,CC du Pays Bigouden Sud,2017,58,0.0,66.0,84.0,88.0,88.0,12.0,46,4,96794.0,5042.0,9772.0,0,517,214,1223,6323,0,600,810
390,242900702,CC du Pays Bigouden Sud,2018,56,0.0,57.0,86.0,93.0,93.0,7.0,49,6,57450.0,5350.0,2773.0,0,369,108,722,765,0,809,0
391,242900702,CC du Pays Bigouden Sud,2019,98,0.0,58.0,83.0,87.0,88.0,12.0,112,13,187962.0,12153.0,2759.0,0,824,0,0,158,495,486,796
392,242900702,CC du Pays Bigouden Sud,2020,91,0.0,77.0,92.0,93.0,95.0,5.0,88,10,114126.0,9404.0,1391.0,0,163,0,117,1111,0,0,0
393,242900702,CC du Pays Bigouden Sud,2021,76,0.0,46.0,83.0,88.0,88.0,12.0,74,26,45159.0,6959.0,301.0,0,0,5,0,296,0,0,0
394,242900702,CC du Pays Bigouden Sud,2022,18,0.0,56.0,56.0,78.0,78.0,22.0,139,1,50770.0,19523.0,1236.0,0,212,344,336,0,0,0,0
395,242900702,CC du Pays Bigouden Sud,2023,12,0.0,58.0,67.0,67.0,67.0,33.0,11,2,8622.0,1131.0,400.0,0,0,0,0,0,0,400,0
396,242900702,CC du Pays Bigouden Sud,2024,9,0.0,22.0,67.0,67.0,67.0,33.0,17,2,27851.0,2701.0,905.0,0,0,0,17,0,0,0,453
397,242900710,CC du Haut Pays Bigouden,2020,4,0.0,50.0,75.0,100.0,100.0,0.0,3,0,40077.0,268.0,140.0,0,0,0,0,0,140,0,0
398,242900710,CC du Haut Pays Bigouden,2021,21,0.0,24.0,76.0,90.0,90.0,10.0,21,3,21323.0,2317.0,0.0,0,0,0,0,0,0,0,0
399,242900710,CC du Haut Pays Bigouden,2022,28,0.0,39.0,93.0,96.0,96.0,4.0,23,1,58021.0,2431.0,2612.0,0,47,0,424,0,768,1373,0
400,242900710,CC du Haut Pays Bigouden,2023,14,0.0,50.0,86.0,86.0,86.0,14.0,14,2,70207.0,1141.0,2431.0,0,0,0,0,0,2431,0,0
401,242900710,CC du Haut Pays Bigouden,2024,7,0.0,71.0,71.0,71.0,71.0,29.0,7,2,11503.0,679.0,0.0,0,0,0,0,0,0,0,0
402,242900710,CC du Haut Pays Bigouden,2013,11,0.0,18.0,91.0,91.0,91.0,9.0,10,0,21735.0,1217.0,747.0,0,0,249,0,498,0,0,0
403,242900710,CC du Haut Pays Bigouden,2014,3,0.0,67.0,100.0,100.0,100.0,0.0,1,0,29631.0,110.0,2101.0,0,201,0,0,0,1900,0,0
404,242900710,CC du Haut Pays Bigouden,2015,5,0.0,40.0,100.0,100.0,100.0,0.0,5,0,5276.0,530.0,0.0,0,0,0,0,0,0,0,0
405,242900710,CC du Haut Pays Bigouden,2016,24,0.0,38.0,79.0,79.0,88.0,12.0,23,0,20737.0,2340.0,207.0,0,0,0,0,0,0,0,207
406,242900710,CC du Haut Pays Bigouden,2017,29,0.0,38.0,93.0,93.0,93.0,7.0,28,0,26702.0,3010.0,495.0,0,0,0,0,0,0,495,0
407,242900710,CC du Haut Pays Bigouden,2018,22,0.0,27.0,86.0,95.0,95.0,5.0,21,1,18347.0,2272.0,647.0,0,647,0,0,0,0,0,0
408,242900710,CC du Haut Pays Bigouden,2019,28,0.0,32.0,86.0,86.0,86.0,14.0,28,3,20551.0,2671.0,0.0,0,0,0,0,0,0,0,0
409,242900710,CC du Haut Pays Bigouden,2020,29,0.0,41.0,83.0,90.0,90.0,10.0,28,1,21990.0,2939.0,240.0,0,0,0,0,0,240,0,0
410,242900710,CC du Haut Pays Bigouden,2021,31,0.0,35.0,74.0,81.0,84.0,16.0,32,3,19858.0,3113.0,0.0,0,0,0,0,0,0,0,0
411,242900710,CC du Haut Pays Bigouden,2022,6,0.0,67.0,67.0,67.0,67.0,33.0,6,0,5993.0,565.0,0.0,0,0,0,0,0,0,0,0
412,242900710,CC du Haut Pays Bigouden,2023,4,0.0,0.0,75.0,75.0,75.0,25.0,4,0,2319.0,400.0,0.0,0,0,0,0,0,0,0,0
413,242900710,CC du Haut Pays Bigouden,2024,4,0.0,50.0,75.0,75.0,75.0,25.0,5,2,5205.0,401.0,0.0,0,0,0,0,0,0,0,0
414,242900751,CC du Pays de Landivisiau,2021,1,0.0,100.0,100.0,100.0,100.0,0.0,0,0,0.0,0.0,2590.0,0,0,0,0,0,2590,0,0
415,242900751,CC du Pays de Landivisiau,2022,1,0.0,100.0,100.0,100.0,100.0,0.0,0,0,12600.0,0.0,577.0,0,0,0,0,0,577,0,0
416,242900751,CC du Pays de Landivisiau,2018,1,0.0,100.0,100.0,100.0,100.0,0.0,0,0,0.0,0.0,1468.0,0,0,0,0,0,1468,0,0
417,242900751,CC du Pays de Landivisiau,2021,1,0.0,100.0,100.0,100.0,100.0,0.0,0,0,0.0,0.0,417.0,0,0,0,0,0,417,0,0
418,242900769,CA Concarneau Cornouaille Agglomération,2020,9,0.0,67.0,89.0,100.0,100.0,0.0,31,0,54285.0,2368.0,2112.0,0,563,0,0,862,0,687,0
419,242900769,CA Concarneau Cornouaille Agglomération,2021,43,0.0,49.0,67.0,79.0,84.0,16.0,75,4,132168.0,7617.0,879.0,0,47,0,629,0,0,0,0
420,242900769,CA Concarneau Cornouaille Agglomération,2022,79,0.0,46.0,80.0,87.0,89.0,11.0,96,5,408422.0,10122.0,6925.0,0,492,0,3564,1618,0,1251,0
421,242900769,CA Concarneau Cornouaille Agglomération,2023,147,0.0,58.0,89.0,94.0,94.0,6.0,206,5,172567.0,20380.0,2092.0,0,2092,0,0,0,0,0,0
422,242900769,CA Concarneau Cornouaille Agglomération,2024,50,0.0,48.0,80.0,88.0,90.0,10.0,66,5,149138.0,6465.0,6789.0,0,2977,0,0,3214,0,598,0
423,242900769,CA Concarneau Cornouaille Agglomération,2013,30,0.0,60.0,93.0,100.0,100.0,0.0,29,0,34363.0,3802.0,795.0,0,0,0,0,0,795,0,0
424,242900769,CA Concarneau Cornouaille Agglomération,2014,54,0.0,70.0,87.0,94.0,94.0,6.0,103,3,101421.0,8377.0,1973.0,0,323,567,773,0,310,0,0
425,242900769,CA Concarneau Cornouaille Agglomération,2015,62,0.0,65.0,84.0,92.0,92.0,8.0,57,11,51180.0,6126.0,3656.0,0,0,1144,210,2102,0,200,0
426,242900769,CA Concarneau Cornouaille Agglomération,2016,47,0.0,57.0,79.0,87.0,89.0,11.0,76,6,67372.0,7332.0,0.0,0,0,0,0,0,0,0,0
427,242900769,CA Concarneau Cornouaille Agglomération,2017,64,0.0,59.0,86.0,95.0,97.0,3.0,153,5,74180.0,12573.0,4341.0,0,163,447,0,0,960,0,2771
428,242900769,CA Concarneau Cornouaille Agglomération,2018,70,0.0,70.0,90.0,93.0,93.0,7.0,96,15,88953.0,9110.0,1147.0,0,130,0,0,0,816,201,0
429,242900769,CA Concarneau Cornouaille Agglomération,2019,27,0.0,59.0,81.0,81.0,81.0,19.0,23,0,27286.0,2417.0,1154.0,0,340,0,75,0,0,146,593
430,242900769,CA Concarneau Cornouaille Agglomération,2020,13,0.0,69.0,77.0,77.0,77.0,23.0,12,1,22150.0,1233.0,503.0,0,236,0,0,0,85,182,0
431,242900769,CA Concarneau Cornouaille Agglomération,2021,38,0.0,66.0,89.0,100.0,100.0,0.0,36,0,73989.0,3986.0,265.0,37,228,0,0,0,0,0,0
432,242900769,CA Concarneau Cornouaille Agglomération,2022,8,0.0,75.0,75.0,100.0,100.0,0.0,9,1,16030.0,1138.0,0.0,0,0,0,0,0,0,0,0
433,242900769,CA Concarneau Cornouaille Agglomération,2023,2,0.0,0.0,50.0,50.0,50.0,50.0,1,0,2939.0,84.0,531.0,0,0,0,531,0,0,0,0
434,242900769,CA Concarneau Cornouaille Agglomération,2024,3,0.0,33.0,100.0,100.0,100.0,0.0,3,0,2282.0,310.0,0.0,0,0,0,0,0,0,0,0
435,242900793,CC Communauté Lesneven Côte des Légendes,2020,3,0.0,100.0,100.0,100.0,100.0,0.0,2,0,3879.0,229.0,40.0,0,0,0,0,0,40,0,0
436,242900793,CC Communauté Lesneven Côte des Légendes,2021,18,0.0,72.0,89.0,89.0,94.0,6.0,17,3,21897.0,1858.0,301.0,0,0,0,301,0,0,0,0
437,242900793,CC Communauté Lesneven Côte des Légendes,2022,44,0.0,59.0,89.0,91.0,93.0,7.0,38,3,44059.0,3699.0,4135.0,0,628,0,3135,0,0,371,1
438,242900793,CC Communauté Lesneven Côte des Légendes,2023,13,0.0,62.0,77.0,77.0,77.0,23.0,13,0,20905.0,1792.0,1690.0,0,448,0,0,0,524,718,0
439,242900793,CC Communauté Lesneven Côte des Légendes,2024,9,0.0,33.0,56.0,67.0,67.0,33.0,7,1,3483.0,812.0,184.0,0,0,0,0,0,0,17,167
440,242900793,CC Communauté Lesneven Côte des Légendes,2013,3,0.0,100.0,100.0,100.0,100.0,0.0,4,0,9474.0,248.0,1360.0,0,0,0,0,0,1360,0,0
441,242900793,CC Communauté Lesneven Côte des Légendes,2014,3,0.0,100.0,100.0,100.0,100.0,0.0,4,0,8573.0,419.0,0.0,0,0,0,0,0,0,0,0
442,242900793,CC Communauté Lesneven Côte des Légendes,2015,8,0.0,88.0,100.0,100.0,100.0,0.0,10,0,9359.0,1166.0,0.0,0,0,0,0,0,0,0,0
443,242900793,CC Communauté Lesneven Côte des Légendes,2016,6,0.0,83.0,100.0,100.0,100.0,0.0,6,1,8616.0,724.0,0.0,0,0,0,0,0,0,0,0
444,242900793,CC Communauté Lesneven Côte des Légendes,2017,14,0.0,43.0,93.0,100.0,100.0,0.0,14,0,7773.0,1661.0,0.0,0,0,0,0,0,0,0,0
445,242900793,CC Communauté Lesneven Côte des Légendes,2018,22,0.0,55.0,82.0,86.0,91.0,9.0,25,2,46718.0,2325.0,1894.0,0,0,0,0,0,1894,0,0
446,242900793,CC Communauté Lesneven Côte des Légendes,2019,10,0.0,70.0,100.0,100.0,100.0,0.0,9,1,16805.0,1086.0,47.0,0,0,0,0,0,0,0,47
447,242900793,CC Communauté Lesneven Côte des Légendes,2020,10,0.0,80.0,100.0,100.0,100.0,0.0,9,0,15265.0,1115.0,540.0,0,0,0,0,0,540,0,0
448,242900793,CC Communauté Lesneven Côte des Légendes,2021,13,0.0,31.0,77.0,77.0,85.0,15.0,13,1,8862.0,1402.0,798.0,0,0,0,0,0,798,0,0
449,242900793,CC Communauté Lesneven Côte des Légendes,2022,2,0.0,0.0,50.0,100.0,100.0,0.0,2,0,642.0,220.0,0.0,0,0,0,0,0,0,0,0
450,242900793,CC Communauté Lesneven Côte des Légendes,2023,1,0.0,0.0,100.0,100.0,100.0,0.0,1,0,507.0,99.0,0.0,0,0,0,0,0,0,0,0
451,242900801,CA du Pays de Landerneau-Daoulas,2020,10,0.0,60.0,80.0,100.0,100.0,0.0,20,0,137718.0,1596.0,3778.0,0,478,188,982,1370,243,500,17
452,242900801,CA du Pays de Landerneau-Daoulas,2021,67,0.0,54.0,96.0,96.0,96.0,4.0,69,0,271957.0,7696.0,6728.0,1475,2075,1871,56,8,1235,0,8
453,242900801,CA du Pays de Landerneau-Daoulas,2022,80,0.0,31.0,92.0,96.0,98.0,2.0,110,0,106807.0,11503.0,2474.0,120,1399,640,0,0,0,0,195
454,242900801,CA du Pays de Landerneau-Daoulas,2023,96,0.0,39.0,91.0,93.0,93.0,7.0,149,4,208309.0,14666.0,12505.0,0,0,2498,0,6351,133,3061,329
455,242900801,CA du Pays de Landerneau-Daoulas,2024,64,0.0,50.0,97.0,98.0,98.0,2.0,69,2,41776.0,7441.0,1798.0,0,277,965,448,0,0,0,108
456,242900801,CA du Pays de Landerneau-Daoulas,2013,38,0.0,66.0,97.0,97.0,97.0,3.0,37,0,31473.0,5214.0,91.0,0,91,0,0,0,0,0,0
457,242900801,CA du Pays de Landerneau-Daoulas,2014,61,0.0,54.0,92.0,92.0,92.0,8.0,71,0,44570.0,7422.0,770.0,0,0,0,23,0,747,0,0
458,242900801,CA du Pays de Landerneau-Daoulas,2015,41,0.0,66.0,93.0,95.0,95.0,5.0,52,0,53312.0,5381.0,630.0,0,0,0,0,0,220,0,410
459,242900801,CA du Pays de Landerneau-Daoulas,2016,45,0.0,58.0,93.0,93.0,93.0,7.0,44,1,36269.0,4990.0,508.0,0,0,0,0,0,508,0,0
460,242900801,CA du Pays de Landerneau-Daoulas,2017,94,0.0,49.0,97.0,99.0,100.0,0.0,105,0,73024.0,11862.0,569.0,0,0,0,0,0,334,0,0
461,242900801,CA du Pays de Landerneau-Daoulas,2018,77,0.0,43.0,94.0,94.0,94.0,6.0,84,7,74475.0,9651.0,1929.0,0,0,0,818,0,0,982,0
462,242900801,CA du Pays de Landerneau-Daoulas,2019,90,0.0,47.0,96.0,98.0,98.0,2.0,87,0,79784.0,10076.0,11681.0,0,254,0,0,0,10251,1176,0
463,242900801,CA du Pays de Landerneau-Daoulas,2020,106,0.0,40.0,95.0,96.0,96.0,4.0,109,0,48526.0,11732.0,1190.0,0,107,0,415,368,0,300,0
464,242900801,CA du Pays de Landerneau-Daoulas,2021,68,0.0,41.0,94.0,97.0,99.0,1.0,78,0,41228.0,8384.0,0.0,0,0,0,0,0,0,0,0
465,242900801,CA du Pays de Landerneau-Daoulas,2022,23,0.0,39.0,91.0,100.0,100.0,0.0,23,2,12351.0,2533.0,0.0,0,0,0,0,0,0,0,0
466,242900801,CA du Pays de Landerneau-Daoulas,2023,3,0.0,33.0,67.0,100.0,100.0,0.0,3,1,1289.0,318.0,0.0,0,0,0,0,0,0,0,0
467,242900801,CA du Pays de Landerneau-Daoulas,2024,6,0.0,33.0,83.0,100.0,100.0,0.0,77,0,6826.0,5125.0,0.0,0,0,0,0,0,0,0,0
468,242900835,CA Morlaix Communauté,2020,12,0.0,67.0,75.0,83.0,83.0,17.0,6,2,350913.0,556.0,15984.0,0,0,0,0,10792,4132,1040,20
469,242900835,CA Morlaix Communauté,2021,40,0.0,72.0,90.0,92.0,92.0,8.0,35,2,21203.0,4586.0,6178.0,0,0,342,0,0,5636,200,0
470,242900835,CA Morlaix Communauté,2022,35,0.0,43.0,71.0,80.0,80.0,20.0,36,2,16242.0,4678.0,801.0,0,0,0,0,0,0,9,792
471,242900835,CA Morlaix Communauté,2023,33,0.0,55.0,82.0,91.0,94.0,6.0,31,2,34557.0,3578.0,1094.0,0,239,0,0,0,0,855,0
472,242900835,CA Morlaix Communauté,2024,21,0.0,52.0,71.0,90.0,90.0,10.0,16,3,59639.0,1753.0,3314.0,0,2109,115,0,8,0,0,1082
473,242900835,CA Morlaix Communauté,2013,9,0.0,78.0,100.0,100.0,100.0,0.0,13,0,17081.0,1282.0,9.0,0,0,0,0,0,0,0,9
474,242900835,CA Morlaix Communauté,2014,15,0.0,93.0,100.0,100.0,100.0,0.0,13,0,15720.0,1497.0,738.0,0,0,273,465,0,0,0,0
475,242900835,CA Morlaix Communauté,2015,26,0.0,73.0,85.0,85.0,85.0,15.0,24,0,28373.0,2487.0,373.0,0,0,0,0,0,373,0,0
476,242900835,CA Morlaix Communauté,2016,24,0.0,92.0,100.0,100.0,100.0,0.0,22,0,16385.0,2505.0,535.0,0,30,0,505,0,0,0,0
477,242900835,CA Morlaix Communauté,2017,38,0.0,87.0,95.0,97.0,100.0,0.0,56,4,16030.0,6130.0,0.0,0,0,0,0,0,0,0,0
478,242900835,CA Morlaix Communauté,2018,27,0.0,78.0,93.0,96.0,96.0,4.0,28,1,8582.0,3668.0,0.0,0,0,0,0,0,0,0,0
479,242900835,CA Morlaix Communauté,2019,35,0.0,57.0,83.0,86.0,86.0,14.0,57,3,8175.0,5270.0,190.0,0,0,0,0,0,0,0,190
480,242900835,CA Morlaix Communauté,2020,26,0.0,50.0,69.0,92.0,92.0,8.0,26,2,7981.0,3038.0,0.0,0,0,0,0,0,0,0,0
481,242900835,CA Morlaix Communauté,2021,16,0.0,56.0,75.0,75.0,75.0,25.0,16,2,4602.0,1867.0,0.0,0,0,0,0,0,0,0,0
482,242900835,CA Morlaix Communauté,2022,13,0.0,69.0,77.0,85.0,92.0,8.0,48,0,15114.0,3867.0,0.0,0,0,0,0,0,0,0,0
483,242900835,CA Morlaix Communauté,2023,3,0.0,100.0,100.0,100.0,100.0,0.0,3,0,2354.0,454.0,0.0,0,0,0,0,0,0,0,0
484,242900835,CA Morlaix Communauté,2024,2,0.0,0.0,0.0,50.0,50.0,50.0,1,1,588.0,127.0,9.0,0,0,0,0,9,0,0,0
485,243500725,CC Côte d'Émeraude,2020,9,0.0,33.0,56.0,78.0,78.0,22.0,4,0,179923.0,494.0,4795.0,0,0,0,216,0,3559,1020,0
486,243500725,CC Côte d'Émeraude,2021,7,0.0,71.0,86.0,86.0,86.0,14.0,6,0,38140.0,958.0,1900.0,0,0,0,0,0,1900,0,0
487,243500725,CC Côte d'Émeraude,2022,19,0.0,68.0,74.0,79.0,84.0,16.0,11,1,276919.0,1615.0,9169.0,4520,44,200,1342,0,1767,1092,204
488,243500725,CC Côte d'Émeraude,2023,28,0.0,57.0,79.0,93.0,93.0,7.0,34,2,61137.0,3419.0,1567.0,0,46,0,581,0,940,0,0
489,243500725,CC Côte d'Émeraude,2024,9,0.0,11.0,22.0,78.0,78.0,22.0,5,0,37642.0,741.0,1490.0,0,0,0,345,17,1128,0,0
490,243500725,CC Côte d'Émeraude,2013,30,0.0,43.0,80.0,87.0,97.0,3.0,31,1,46416.0,3529.0,1646.0,0,166,0,274,0,169,314,512
491,243500725,CC Côte d'Émeraude,2014,41,0.0,37.0,66.0,73.0,88.0,12.0,41,1,22432.0,5239.0,0.0,0,0,0,0,0,0,0,0
492,243500725,CC Côte d'Émeraude,2015,58,0.0,47.0,71.0,84.0,93.0,7.0,65,9,31323.0,7560.0,1058.0,0,92,0,966,0,0,0,0
493,243500725,CC Côte d'Émeraude,2016,66,0.0,44.0,88.0,95.0,98.0,2.0,82,9,52130.0,8768.0,1826.0,0,211,0,790,0,0,818,7
494,243500725,CC Côte d'Émeraude,2017,79,0.0,41.0,86.0,94.0,95.0,5.0,93,19,141354.0,10392.0,649.0,0,0,200,449,0,0,0,0
495,243500725,CC Côte d'Émeraude,2018,76,0.0,38.0,75.0,89.0,96.0,4.0,156,24,44313.0,14174.0,787.0,0,27,0,751,9,0,0,0
496,243500725,CC Côte d'Émeraude,2019,47,0.0,43.0,77.0,91.0,94.0,6.0,133,12,69516.0,11960.0,1152.0,0,0,341,202,0,0,512,0
497,243500725,CC Côte d'Émeraude,2020,65,0.0,52.0,66.0,89.0,91.0,9.0,89,6,38212.0,10354.0,0.0,0,0,0,0,0,0,0,0
498,243500725,CC Côte d'Émeraude,2021,47,0.0,47.0,74.0,87.0,89.0,11.0,88,4,46094.0,7602.0,260.0,0,0,0,0,0,250,10,0
499,243500725,CC Côte d'Émeraude,2022,23,0.0,39.0,83.0,91.0,91.0,9.0,28,1,9755.0,3107.0,147.0,0,0,0,147,0,0,0,0
500,243500725,CC Côte d'Émeraude,2023,6,0.0,33.0,67.0,83.0,83.0,17.0,22,1,9298.0,1740.0,181.0,0,0,0,181,0,0,0,0
501,243500725,CC Côte d'Émeraude,2024,2,0.0,100.0,100.0,100.0,100.0,0.0,1,0,2149.0,146.0,385.0,0,0,0,0,0,0,385,0
502,243500782,CA du Pays de Saint Malo Agglomération,2020,54,0.0,61.0,94.0,96.0,98.0,2.0,55,1,396105.0,5543.0,24391.0,0,345,0,580,3283,16151,2987,927
503,243500782,CA du Pays de Saint Malo Agglomération,2021,131,0.0,58.0,90.0,94.0,94.0,6.0,175,8,344426.0,15984.0,19912.0,0,1183,818,10552,1540,0,5819,0
504,243500782,CA du Pays de Saint Malo Agglomération,2022,91,0.0,60.0,96.0,96.0,99.0,1.0,92,7,608245.0,9220.0,16298.0,0,718,65,5831,428,681,8575,0
505,243500782,CA du Pays de Saint Malo Agglomération,2023,62,0.0,56.0,81.0,87.0,90.0,10.0,78,5,856812.0,8100.0,29319.0,0,5299,140,7619,12289,3101,871,0
506,243500782,CA du Pays de Saint Malo Agglomération,2024,89,0.0,30.0,83.0,94.0,94.0,6.0,130,3,316566.0,11393.0,11000.0,0,349,709,2635,17,625,5955,710
507,243500782,CA du Pays de Saint Malo Agglomération,2013,105,0.0,63.0,77.0,87.0,98.0,2.0,116,0,153260.0,12905.0,9422.0,3011,2879,1630,475,0,0,1427,0
508,243500782,CA du Pays de Saint Malo Agglomération,2014,100,0.0,79.0,87.0,95.0,96.0,4.0,111,0,110105.0,11597.0,13127.0,0,0,6493,598,0,5655,0,320
509,243500782,CA du Pays de Saint Malo Agglomération,2015,87,0.0,60.0,82.0,87.0,94.0,6.0,79,8,124755.0,9397.0,8858.0,0,109,3247,2090,0,2344,459,609
510,243500782,CA du Pays de Saint Malo Agglomération,2016,137,0.0,59.0,90.0,93.0,95.0,5.0,404,14,122156.0,31419.0,4692.0,0,364,0,1328,0,0,2983,17
511,243500782,CA du Pays de Saint Malo Agglomération,2017,246,0.0,53.0,85.0,90.0,95.0,5.0,399,51,228364.0,31505.0,4379.0,0,0,12,1946,16,1958,439,8
512,243500782,CA du Pays de Saint Malo Agglomération,2018,216,0.0,39.0,88.0,93.0,97.0,3.0,266,37,176817.0,26637.0,12942.0,0,843,5391,2449,575,0,2449,1081
513,243500782,CA du Pays de Saint Malo Agglomération,2019,193,0.0,53.0,89.0,92.0,94.0,6.0,192,15,155306.0,20584.0,10846.0,77,409,898,3267,113,5708,374,0
514,243500782,CA du Pays de Saint Malo Agglomération,2020,93,0.0,40.0,90.0,94.0,97.0,3.0,114,9,61356.0,11823.0,4473.0,0,298,68,3660,0,0,447,0
515,243500782,CA du Pays de Saint Malo Agglomération,2021,96,0.0,47.0,81.0,86.0,90.0,10.0,134,8,63650.0,13013.0,5610.0,0,99,0,973,0,1021,84,3433
516,243500782,CA du Pays de Saint Malo Agglomération,2022,53,0.0,68.0,91.0,92.0,94.0,6.0,52,3,46545.0,5374.0,2330.0,0,0,0,820,0,649,861,0
517,243500782,CA du Pays de Saint Malo Agglomération,2023,8,0.0,25.0,100.0,100.0,100.0,0.0,6,1,46914.0,689.0,303.0,0,0,270,33,0,0,0,0
518,243500782,CA du Pays de Saint Malo Agglomération,2024,12,0.0,50.0,92.0,92.0,92.0,8.0,18,2,47119.0,1683.0,9252.0,0,0,0,495,8433,162,0,0
519,244400586,CC du Sud Estuaire,2020,30,0.0,50.0,90.0,80.0,90.0,10.0,53,2,139109.0,4778.0,1252.0,0,0,0,382,0,550,0,160
520,244400586,CC du Sud Estuaire,2021,15,0.0,67.0,80.0,47.0,87.0,13.0,10,0,25565.0,1158.0,3046.0,0,374,1807,0,740,97,28,0
521,244400586,CC du Sud Estuaire,2022,20,0.0,75.0,90.0,80.0,90.0,10.0,17,5,232212.0,2175.0,1805.0,0,0,17,0,55,1733,0,0
522,244400586,CC du Sud Estuaire,2023,11,0.0,55.0,73.0,18.0,73.0,27.0,5,0,105040.0,683.0,525.0,0,26,465,0,0,20,14,0
523,244400586,CC du Sud Estuaire,2024,7,0.0,57.0,100.0,43.0,100.0,0.0,3,0,24553.0,361.0,1223.0,0,0,0,0,759,65,392,7
524,244400586,CC du Sud Estuaire,2013,26,0.0,35.0,73.0,65.0,85.0,15.0,35,0,26495.0,3479.0,1917.0,0,544,0,0,0,590,783,0
525,244400586,CC du Sud Estuaire,2014,31,0.0,58.0,77.0,77.0,81.0,19.0,32,1,22901.0,3699.0,0.0,0,0,0,0,0,0,0,0
526,244400586,CC du Sud Estuaire,2015,31,0.0,48.0,84.0,81.0,90.0,10.0,29,1,26160.0,3450.0,2435.0,0,0,665,637,468,0,0,0
527,244400586,CC du Sud Estuaire,2016,23,0.0,43.0,96.0,87.0,96.0,4.0,21,0,19194.0,2222.0,1047.0,0,0,399,0,0,648,0,0
528,244400586,CC du Sud Estuaire,2017,37,0.0,51.0,92.0,92.0,95.0,5.0,37,4,20105.0,3891.0,371.0,0,0,0,371,0,0,0,0
529,244400586,CC du Sud Estuaire,2018,45,0.0,40.0,80.0,73.0,82.0,18.0,40,2,61255.0,3722.0,1008.0,0,0,169,831,0,0,0,8
530,244400586,CC du Sud Estuaire,2019,50,0.0,54.0,62.0,50.0,62.0,38.0,44,3,28987.0,4047.0,1399.0,0,372,0,572,0,0,0,455
531,244400586,CC du Sud Estuaire,2020,26,0.0,58.0,69.0,54.0,69.0,31.0,21,5,19885.0,1953.0,3654.0,0,0,1296,2358,0,0,0,0
532,244400586,CC du Sud Estuaire,2021,4,0.0,50.0,75.0,25.0,75.0,25.0,1,0,4509.0,183.0,813.0,0,111,0,295,0,0,400,7
533,244400586,CC du Sud Estuaire,2022,7,0.0,57.0,71.0,57.0,71.0,29.0,6,1,7433.0,884.0,1025.0,0,0,0,0,0,0,1025,0
534,244400586,CC du Sud Estuaire,2023,3,0.0,100.0,67.0,0.0,67.0,33.0,1,0,3597.0,92.0,918.0,0,0,0,403,0,0,515,0
535,244400610,CA de la Presqu'île de Guérande Atlantique (Cap Atlantique),2020,63,0.0,30.0,59.0,51.0,63.0,37.0,153,4,1846645.0,18403.0,3338.0,0,0,0,19,0,1574,1324,202
536,244400610,CA de la Presqu'île de Guérande Atlantique (Cap Atlantique),2021,101,0.0,20.0,51.0,45.0,67.0,33.0,138,10,711111.0,11855.0,3935.0,1544,0,164,210,145,1672,70,25
537,244400610,CA de la Presqu'île de Guérande Atlantique (Cap Atlantique),2022,75,0.0,20.0,53.0,41.0,77.0,23.0,147,10,1061648.0,18325.0,6018.0,772,135,1329,487,0,1594,390,891
538,244400610,CA de la Presqu'île de Guérande Atlantique (Cap Atlantique),2023,45,0.0,29.0,40.0,36.0,49.0,51.0,115,6,252584.0,10303.0,6900.0,0,0,0,0,0,3310,0,800
539,244400610,CA de la Presqu'île de Guérande Atlantique (Cap Atlantique),2024,41,0.0,27.0,41.0,24.0,44.0,56.0,33,1,220485.0,3661.0,1313.0,0,11,234,883,0,33,115,26
540,244400610,CA de la Presqu'île de Guérande Atlantique (Cap Atlantique),2013,73,0.0,56.0,37.0,44.0,55.0,45.0,137,11,238087.0,11826.0,1503.0,0,39,148,0,0,1277,0,0
541,244400610,CA de la Presqu'île de Guérande Atlantique (Cap Atlantique),2014,51,0.0,49.0,39.0,43.0,53.0,47.0,46,7,52784.0,5250.0,13985.0,9835,173,615,362,0,3000,0,0
542,244400610,CA de la Presqu'île de Guérande Atlantique (Cap Atlantique),2015,45,0.0,40.0,36.0,42.0,47.0,53.0,57,6,44177.0,5749.0,0.0,0,0,0,0,0,0,0,0
543,244400610,CA de la Presqu'île de Guérande Atlantique (Cap Atlantique),2016,63,0.0,44.0,35.0,46.0,49.0,51.0,70,5,57916.0,8147.0,27.0,0,0,0,0,0,0,0,27
544,244400610,CA de la Presqu'île de Guérande Atlantique (Cap Atlantique),2017,106,0.0,37.0,48.0,52.0,56.0,44.0,261,7,145374.0,23319.0,5590.0,4697,20,0,63,0,0,810,0
545,244400610,CA de la Presqu'île de Guérande Atlantique (Cap Atlantique),2018,138,0.0,34.0,62.0,71.0,73.0,27.0,182,12,96100.0,17713.0,1533.0,0,45,0,0,0,1488,0,0
546,244400610,CA de la Presqu'île de Guérande Atlantique (Cap Atlantique),2019,132,0.0,21.0,52.0,58.0,72.0,28.0,162,20,121549.0,14580.0,2251.0,0,225,269,1310,371,0,0,16
547,244400610,CA de la Presqu'île de Guérande Atlantique (Cap Atlantique),2020,90,0.0,27.0,46.0,52.0,68.0,32.0,127,13,64070.0,11932.0,818.0,0,31,163,0,616,0,0,8
548,244400610,CA de la Presqu'île de Guérande Atlantique (Cap Atlantique),2021,72,0.0,11.0,43.0,50.0,67.0,33.0,83,8,50015.0,9132.0,2928.0,0,1363,198,940,0,126,190,0
549,244400610,CA de la Presqu'île de Guérande Atlantique (Cap Atlantique),2022,18,0.0,11.0,50.0,67.0,83.0,17.0,28,4,50302.0,2737.0,2386.0,0,0,845,0,0,1534,0,7
550,244400610,CA de la Presqu'île de Guérande Atlantique (Cap Atlantique),2023,14,0.0,21.0,64.0,64.0,71.0,29.0,15,1,17735.0,1672.0,2132.0,0,0,1859,0,0,0,0,0
551,244400610,CA de la Presqu'île de Guérande Atlantique (Cap Atlantique),2024,10,0.0,30.0,40.0,50.0,60.0,40.0,7,1,102330.0,655.0,42.0,0,0,0,0,0,0,0,42
552,244400644,CA de la Région Nazairienne et de l'Estuaire (CARENE),2020,25,0.0,36.0,88.0,52.0,88.0,12.0,15,0,1118447.0,1466.0,19654.0,0,2013,959,5010,10337,0,1129,206
553,244400644,CA de la Région Nazairienne et de l'Estuaire (CARENE),2021,39,0.0,21.0,62.0,54.0,72.0,28.0,113,1,751321.0,10408.0,1353.0,0,392,272,0,0,0,504,54
554,244400644,CA de la Région Nazairienne et de l'Estuaire (CARENE),2022,44,0.0,20.0,84.0,59.0,86.0,14.0,145,1,818295.0,17878.0,22262.0,2190,110,6183,0,3361,21,7155,2792
555,244400644,CA de la Région Nazairienne et de l'Estuaire (CARENE),2023,38,0.0,39.0,92.0,68.0,95.0,5.0,33,1,287740.0,3523.0,1891.0,0,963,0,0,59,202,485,68
556,244400644,CA de la Région Nazairienne et de l'Estuaire (CARENE),2024,20,0.0,10.0,80.0,45.0,85.0,15.0,9,1,872885.0,980.0,6825.0,0,0,5705,0,76,768,0,276
557,244400644,CA de la Région Nazairienne et de l'Estuaire (CARENE),2013,15,0.0,67.0,73.0,73.0,87.0,13.0,132,0,71097.0,8400.0,4099.0,0,72,0,0,2865,16,1138,8
558,244400644,CA de la Région Nazairienne et de l'Estuaire (CARENE),2014,15,0.0,40.0,47.0,33.0,53.0,47.0,145,0,327552.0,10770.0,3089.0,0,0,0,0,1758,768,0,563
559,244400644,CA de la Région Nazairienne et de l'Estuaire (CARENE),2015,32,0.0,47.0,78.0,66.0,78.0,22.0,65,0,745940.0,6662.0,2062.0,0,0,149,0,1764,0,0,0
560,244400644,CA de la Région Nazairienne et de l'Estuaire (CARENE),2016,45,0.0,33.0,71.0,56.0,73.0,27.0,54,2,1978280.0,4640.0,5726.0,0,4826,0,0,766,126,0,8
561,244400644,CA de la Région Nazairienne et de l'Estuaire (CARENE),2017,42,0.0,29.0,74.0,60.0,76.0,24.0,188,0,471989.0,14372.0,3052.0,0,553,576,298,800,0,421,151
562,244400644,CA de la Région Nazairienne et de l'Estuaire (CARENE),2018,30,0.0,37.0,83.0,80.0,83.0,17.0,75,0,36427.0,5730.0,9.0,0,0,0,0,0,0,0,9
563,244400644,CA de la Région Nazairienne et de l'Estuaire (CARENE),2019,56,0.0,23.0,55.0,46.0,59.0,41.0,214,0,356202.0,20297.0,5506.0,0,1586,285,0,2156,480,0,0
564,244400644,CA de la Région Nazairienne et de l'Estuaire (CARENE),2020,42,0.0,33.0,67.0,62.0,69.0,31.0,81,0,92611.0,6590.0,5288.0,0,193,0,0,3610,0,368,1117
565,244400644,CA de la Région Nazairienne et de l'Estuaire (CARENE),2021,60,0.0,40.0,68.0,60.0,70.0,30.0,54,0,276604.0,5858.0,12309.0,0,532,9879,0,0,0,1891,7
566,244400644,CA de la Région Nazairienne et de l'Estuaire (CARENE),2022,31,0.0,29.0,65.0,58.0,65.0,35.0,29,0,30108.0,2879.0,1180.0,0,0,536,0,644,0,0,0
567,244400644,CA de la Région Nazairienne et de l'Estuaire (CARENE),2023,9,0.0,11.0,67.0,67.0,67.0,33.0,9,0,2926.0,846.0,0.0,0,0,0,0,0,0,0,0
568,244400644,CA de la Région Nazairienne et de l'Estuaire (CARENE),2024,1,0.0,100.0,100.0,100.0,100.0,0.0,1,0,954.0,217.0,0.0,0,0,0,0,0,0,0,0
569,245600440,CC Blavet Bellevue Océan Communauté,2020,27,0.0,11.0,78.0,93.0,96.0,4.0,30,0,1076072.0,2657.0,84.0,0,0,0,0,0,77,0,7
570,245600440,CC Blavet Bellevue Océan Communauté,2021,29,0.0,28.0,72.0,86.0,86.0,14.0,22,0,582689.0,2513.0,5135.0,0,45,0,0,7,4025,720,338
571,245600440,CC Blavet Bellevue Océan Communauté,2022,47,0.0,17.0,91.0,96.0,96.0,4.0,77,0,490381.0,5912.0,469.0,0,0,0,0,0,300,169,0
572,245600440,CC Blavet Bellevue Océan Communauté,2023,75,0.0,21.0,88.0,92.0,93.0,7.0,101,4,1208856.0,9053.0,1477.0,0,0,0,710,0,752,0,15
573,245600440,CC Blavet Bellevue Océan Communauté,2024,53,0.0,21.0,83.0,94.0,96.0,4.0,57,2,700288.0,5507.0,2617.0,0,98,0,681,0,0,1838,0
574,245600440,CC Blavet Bellevue Océan Communauté,2013,19,0.0,47.0,95.0,100.0,100.0,0.0,14,2,65132.0,1435.0,4801.0,0,0,0,0,0,4131,571,0
575,245600440,CC Blavet Bellevue Océan Communauté,2014,18,0.0,33.0,89.0,100.0,100.0,0.0,18,0,9726.0,1875.0,0.0,0,0,0,0,0,0,0,0
576,245600440,CC Blavet Bellevue Océan Communauté,2015,20,0.0,25.0,90.0,100.0,100.0,0.0,22,1,11855.0,2662.0,202.0,0,0,0,0,0,0,101,0
577,245600440,CC Blavet Bellevue Océan Communauté,2016,37,0.0,19.0,92.0,97.0,97.0,3.0,32,0,30368.0,3089.0,652.0,0,60,183,59,0,142,83,0
578,245600440,CC Blavet Bellevue Océan Communauté,2017,108,0.0,25.0,93.0,95.0,95.0,5.0,108,0,458181.0,10178.0,3544.0,0,72,72,289,0,1920,739,32
579,245600440,CC Blavet Bellevue Océan Communauté,2018,99,0.0,25.0,85.0,89.0,92.0,8.0,95,0,159731.0,9484.0,2666.0,0,13,0,283,0,1062,866,0
580,245600440,CC Blavet Bellevue Océan Communauté,2019,54,0.0,28.0,93.0,96.0,98.0,2.0,68,0,120864.0,6195.0,850.0,0,0,0,340,0,510,0,0
581,245600440,CC Blavet Bellevue Océan Communauté,2020,49,0.0,20.0,88.0,94.0,96.0,4.0,67,0,61777.0,6434.0,1081.0,0,223,0,0,0,270,423,0
582,245600440,CC Blavet Bellevue Océan Communauté,2021,95,0.0,20.0,85.0,94.0,95.0,5.0,97,0,289519.0,10499.0,320.0,0,0,0,0,0,0,320,0
583,245600440,CC Blavet Bellevue Océan Communauté,2022,16,0.0,19.0,75.0,88.0,88.0,12.0,16,0,56454.0,1825.0,1564.0,0,0,0,0,0,1564,0,0
584,245600440,CC Blavet Bellevue Océan Communauté,2023,12,0.0,17.0,75.0,92.0,92.0,8.0,10,0,48429.0,1158.0,1558.0,0,0,0,1426,0,0,0,132
585,245600440,CC Blavet Bellevue Océan Communauté,2024,7,0.0,14.0,29.0,86.0,86.0,14.0,10,1,33378.0,845.0,125.0,0,0,0,125,0,0,0,0
586,245600465,CC de Belle-Île-en-Mer,2020,7,0.0,57.0,71.0,86.0,86.0,14.0,3,0,43100.0,438.0,1436.0,0,0,0,0,0,1180,0,256
587,245600465,CC de Belle-Île-en-Mer,2021,63,0.0,11.0,14.0,94.0,97.0,3.0,58,1,152356.0,5787.0,2807.0,0,71,0,0,11,0,743,1911
588,245600465,CC de Belle-Île-en-Mer,2022,15,0.0,53.0,67.0,93.0,93.0,7.0,10,4,32152.0,1239.0,1126.0,0,27,149,543,300,0,100,7
589,245600465,CC de Belle-Île-en-Mer,2023,24,0.0,79.0,92.0,92.0,92.0,8.0,22,4,39044.0,2149.0,1794.0,0,12,0,0,0,0,1635,74
590,245600465,CC de Belle-Île-en-Mer,2024,7,0.0,100.0,100.0,100.0,100.0,0.0,7,0,10796.0,590.0,54.0,0,0,27,0,0,0,0,0
591,245600465,CC de Belle-Île-en-Mer,2013,4,0.0,75.0,75.0,75.0,75.0,25.0,5,1,3681.0,528.0,0.0,0,0,0,0,0,0,0,0
592,245600465,CC de Belle-Île-en-Mer,2014,3,0.0,67.0,100.0,100.0,100.0,0.0,1,1,1625.0,68.0,357.0,0,5,20,332,0,0,0,0
593,245600465,CC de Belle-Île-en-Mer,2015,7,0.0,71.0,71.0,86.0,86.0,14.0,4,0,6564.0,410.0,872.0,0,0,0,872,0,0,0,0
594,245600465,CC de Belle-Île-en-Mer,2016,3,0.0,100.0,100.0,100.0,100.0,0.0,2,0,2839.0,173.0,399.0,0,0,0,399,0,0,0,0
595,245600465,CC de Belle-Île-en-Mer,2017,14,0.0,86.0,86.0,86.0,86.0,14.0,9,2,21991.0,889.0,1513.0,0,0,0,235,564,411,303,0
596,245600465,CC de Belle-Île-en-Mer,2018,2,0.0,100.0,100.0,100.0,100.0,0.0,2,0,1900.0,114.0,0.0,0,0,0,0,0,0,0,0
597,245600465,CC de Belle-Île-en-Mer,2019,8,0.0,25.0,38.0,88.0,88.0,12.0,6,1,3481.0,656.0,528.0,0,0,263,0,0,0,265,0
598,245600465,CC de Belle-Île-en-Mer,2020,3,0.0,67.0,67.0,100.0,100.0,0.0,2,0,3707.0,212.0,728.0,0,0,0,728,0,0,0,0
599,245600465,CC de Belle-Île-en-Mer,2021,5,0.0,100.0,100.0,100.0,100.0,0.0,5,0,1703.0,405.0,0.0,0,0,0,0,0,0,0,0
600,245600465,CC de Belle-Île-en-Mer,2022,2,0.0,0.0,100.0,100.0,100.0,0.0,2,2,1145.0,260.0,0.0,0,0,0,0,0,0,0,0
601,245600465,CC de Belle-Île-en-Mer,2023,2,0.0,100.0,100.0,100.0,100.0,0.0,1,0,2928.0,176.0,549.0,0,0,549,0,0,0,0,0
602,245600465,CC de Belle-Île-en-Mer,2024,1,0.0,100.0,100.0,100.0,100.0,0.0,0,0,5060.0,0.0,189.0,189,0,0,0,0,0,0,0
603,245614383,CC Questembert Communauté,2014,1,0.0,100.0,100.0,100.0,100.0,0.0,1,0,750.0,146.0,0.0,0,0,0,0,0,0,0,0
604,245614383,CC Questembert Communauté,2017,1,0.0,0.0,100.0,100.0,100.0,0.0,1,0,660.0,141.0,0.0,0,0,0,0,0,0,0,0
605,245614383,CC Questembert Communauté,2019,2,0.0,0.0,100.0,100.0,100.0,0.0,2,0,4335.0,305.0,0.0,0,0,0,0,0,0,0,0
606,245614383,CC Questembert Communauté,2020,1,0.0,100.0,100.0,100.0,100.0,0.0,0,0,24506.0,0.0,24.0,0,0,0,0,0,24,0,0
607,NR,,2016,1,0.0,0.0,100.0,100.0,100.0,0.0,1,0,649.0,147.0,0.0,0,0,0,0,0,0,0,0
