,INSEE_COM,NOM_COMMUNE,SIREN_EPCI,Nb_Permis,Part_Permis_annules,Part_Demandeurs_MEME_COMMUN,Part_Demandeurs_MEME_EPCI,Part_Demandeurs_MEME_DEP,Part_Demandeurs_BRETAGNE,Part_Demandeurs_Ouest,Part_Demandeurs_LOINTAINS,Nouveaux_Logements,Resid_secondaire,Surface_terrains,Surface_Logements,Surface_Locaux,Surface_hotels,Surface_bureaux,Surface_commerces,Surface_artisanat,Surface_industrie,Surface_bat_agricoles,Surface_entrepots,Surface_services_publics
0,22028,Camlez,200065928,4,0.0,75.0,75.0,75.0,75.0,100.0,0.0,0,0,252458.0,0.0,27059.0,0,0,0,0,292,26767,0,0
1,22044,Coëtmieux,200069391,5,0.0,0.0,0.0,100.0,100.0,100.0,0.0,5,0,8199.0,678.0,0.0,0,0,0,0,0,0,0,0
2,22049,Créhen,200068989,26,0.0,8.0,35.0,73.0,85.0,85.0,15.0,25,1,18002.0,2506.0,17660.0,0,642,0,0,17018,0,0,0
3,22054,Erquy,200069391,54,0.0,28.0,37.0,63.0,70.0,80.0,20.0,59,6,65716.0,7383.0,607.0,0,0,0,485,122,0,0,0
4,22055,Binic-Étables-sur-Mer,200069409,64,0.0,20.0,78.0,92.0,97.0,100.0,0.0,72,0,83679.0,8438.0,389.0,0,174,0,0,0,0,215,0
5,22081,Hillion,200069409,67,0.0,19.0,61.0,82.0,91.0,91.0,9.0,85,0,139336.0,7942.0,2642.0,0,0,0,532,0,163,1909,38
6,22085,Kerbors,200065928,1,0.0,0.0,0.0,100.0,100.0,100.0,0.0,1,0,530.0,87.0,0.0,0,0,0,0,0,0,0,0
7,22086,Kerfot,200067981,12,0.0,42.0,83.0,100.0,100.0,100.0,0.0,12,0,11971.0,1470.0,0.0,0,0,0,0,0,0,0,0
8,22090,Kermaria-Sulard,200065928,40,0.0,28.0,88.0,90.0,100.0,100.0,0.0,46,0,88802.0,4288.0,925.0,0,0,0,0,0,925,0,0
9,22093,Lamballe-Armor,200069391,73,0.0,26.0,42.0,82.0,88.0,90.0,10.0,69,0,97027.0,6914.0,2904.0,0,0,0,0,0,2886,18,0
10,22094,Lancieux,243500725,50,0.0,16.0,26.0,32.0,84.0,84.0,16.0,72,4,52100.0,8235.0,250.0,0,0,0,0,0,250,0,0
11,22103,Langrolay-sur-Rance,200068989,37,0.0,5.0,22.0,57.0,92.0,95.0,5.0,42,0,54920.0,4510.0,0.0,0,0,0,0,0,0,0,0
12,22106,Langueux,200069409,138,0.0,16.0,68.0,93.0,97.0,98.0,2.0,351,0,91634.0,28829.0,9.0,0,0,0,0,0,0,0,9
13,22109,Lanloup,200067981,4,0.0,75.0,75.0,75.0,75.0,75.0,25.0,3,0,6784.0,274.0,110.0,0,0,0,0,0,0,110,0
14,22111,Lanmodez,200065928,4,0.0,25.0,75.0,75.0,75.0,100.0,0.0,2,0,4109.0,175.0,290.0,0,0,0,0,0,290,0,0
15,22113,Lannion,200065928,173,0.0,43.0,80.0,92.0,97.0,97.0,3.0,207,4,203619.0,19810.0,8397.0,0,377,608,847,47,6074,252,0
16,22117,Lantic,200069409,46,0.0,15.0,70.0,85.0,85.0,87.0,13.0,52,0,38301.0,5390.0,0.0,0,0,0,0,0,0,0,0
17,22118,Lanvallay,200068989,8,0.0,25.0,100.0,100.0,100.0,100.0,0.0,5,0,119499.0,732.0,2377.0,0,0,25,0,0,2352,0,0
18,22127,Lézardrieux,200065928,12,0.0,42.0,50.0,92.0,92.0,92.0,8.0,25,0,15525.0,2143.0,733.0,0,0,0,506,0,227,0,0
19,22134,Louannec,200065928,67,0.0,36.0,81.0,93.0,94.0,94.0,6.0,80,2,34345.0,8672.0,0.0,0,0,0,0,0,0,0,0
20,22143,Matignon,200068989,44,0.0,9.0,45.0,70.0,86.0,86.0,14.0,43,3,26017.0,4322.0,1638.0,0,0,0,458,0,0,1180,0
21,22162,Paimpol,200067981,96,0.0,22.0,50.0,80.0,84.0,88.0,12.0,123,5,80891.0,12730.0,2922.0,0,69,792,704,468,0,889,0
22,22166,Penvénan,200065928,17,0.0,41.0,53.0,53.0,65.0,65.0,35.0,15,4,74752.0,1880.0,2023.0,0,70,0,289,0,1664,0,0
23,22168,Perros-Guirec,200065928,62,0.0,26.0,71.0,84.0,94.0,94.0,6.0,57,5,62209.0,7333.0,1129.0,0,146,0,200,0,0,783,0
24,22172,Plancoët,200068989,1,0.0,0.0,100.0,100.0,100.0,100.0,0.0,1,0,1520.0,97.0,0.0,0,0,0,0,0,0,0,0
25,22174,Pléboulle,200068989,11,0.0,0.0,18.0,45.0,73.0,82.0,18.0,11,3,26205.0,1078.0,0.0,0,0,0,0,0,0,0,0
26,22176,Plédran,200069409,1,0.0,0.0,100.0,100.0,100.0,100.0,0.0,1,0,922.0,112.0,0.0,0,0,0,0,0,0,0,0
27,22178,Pléhédel,200067981,1,0.0,100.0,100.0,100.0,100.0,100.0,0.0,0,0,8930.0,0.0,3720.0,0,0,0,0,0,3720,0,0
28,22179,Fréhel,200068989,60,0.0,5.0,10.0,80.0,85.0,88.0,12.0,57,7,53570.0,5953.0,1260.0,0,0,1260,0,0,0,0,0
29,22186,Pléneuf-Val-André,200069391,133,0.0,26.0,53.0,71.0,86.0,90.0,10.0,156,5,99484.0,17425.0,1665.0,120,0,34,0,0,422,0,1026
30,22187,Plérin,200069409,138,0.0,55.0,79.0,91.0,94.0,96.0,4.0,203,1,291229.0,20482.0,22782.0,3198,9563,606,0,0,713,0,8702
31,22190,Pleslin-Trigavou,200068989,57,0.0,14.0,26.0,46.0,98.0,98.0,2.0,53,0,79051.0,5981.0,5021.0,0,1530,0,0,2665,569,257,0
32,22194,Plestin-les-Grèves,200065928,43,0.0,44.0,63.0,77.0,91.0,91.0,9.0,44,1,30948.0,4162.0,2209.0,0,0,1929,280,0,0,0,0
33,22195,Pleubian,200065928,34,0.0,32.0,38.0,68.0,71.0,74.0,26.0,47,9,72516.0,5096.0,2035.0,0,0,0,427,0,0,255,926
34,22196,Pleudaniel,200065928,9,0.0,33.0,56.0,78.0,78.0,78.0,22.0,0,0,36292.0,0.0,8436.0,0,932,1237,1262,0,3800,1205,0
35,22197,Pleudihen-sur-Rance,200068989,53,0.0,6.0,40.0,47.0,96.0,100.0,0.0,50,3,37671.0,5078.0,2118.0,0,0,481,786,0,0,851,0
36,22198,Pleumeur-Bodou,200065928,17,0.0,35.0,71.0,76.0,88.0,88.0,12.0,16,2,23075.0,2344.0,80.0,0,0,40,0,0,0,0,0
37,22199,Pleumeur-Gautier,200065928,2,0.0,50.0,100.0,100.0,100.0,100.0,0.0,3,0,2942.0,262.0,0.0,0,0,0,0,0,0,0,0
38,22201,Plévenon,200068989,11,0.0,0.0,0.0,45.0,64.0,82.0,18.0,9,1,51544.0,981.0,1822.0,0,0,0,19,0,1784,0,0
39,22209,Beaussais-sur-Mer,200068989,280,0.0,9.0,13.0,36.0,85.0,92.0,8.0,365,96,168062.0,35434.0,409.0,0,0,402,0,0,0,0,7
40,22210,Ploubazlanec,200067981,25,0.0,56.0,76.0,80.0,84.0,84.0,16.0,22,0,48254.0,2898.0,24950.0,0,0,0,0,0,24950,0,0
41,22211,Ploubezre,200065928,52,0.0,50.0,81.0,87.0,92.0,92.0,8.0,62,2,34726.0,6207.0,71.0,0,71,0,0,0,0,0,0
42,22213,Plouër-sur-Rance,200068989,29,0.0,31.0,62.0,72.0,100.0,100.0,0.0,21,0,150337.0,2518.0,4378.0,0,0,0,585,238,3005,275,0
43,22214,Plouézec,200067981,28,0.0,18.0,39.0,61.0,79.0,79.0,21.0,38,1,26460.0,4152.0,264.0,0,264,0,0,0,0,0,0
44,22218,Plougrescant,200065928,8,0.0,50.0,62.0,62.0,88.0,88.0,12.0,7,1,6817.0,761.0,259.0,0,0,0,259,0,0,0,0
45,22221,Plouguiel,200065928,6,0.0,83.0,83.0,83.0,83.0,83.0,17.0,3,0,18353.0,361.0,966.0,0,0,0,0,0,776,190,0
46,22222,Plouha,200069086,41,0.0,59.0,68.0,83.0,90.0,90.0,10.0,40,1,8072.0,4201.0,151.0,0,0,0,0,0,151,0,0
47,22224,Ploulec'h,200065928,32,0.0,22.0,81.0,94.0,100.0,100.0,0.0,34,0,14160.0,3725.0,673.0,0,0,487,0,0,0,93,0
48,22226,Ploumilliau,200065928,6,0.0,67.0,100.0,100.0,100.0,100.0,0.0,3,0,13782.0,374.0,1100.0,0,0,0,978,0,0,122,0
49,22232,Plourhan,200069409,56,0.0,27.0,71.0,91.0,95.0,95.0,5.0,60,0,90071.0,6393.0,0.0,0,0,0,0,0,0,0,0
50,22233,Plourivo,200067981,6,0.0,33.0,100.0,100.0,100.0,100.0,0.0,6,0,6340.0,686.0,0.0,0,0,0,0,0,0,0,0
51,22237,Pluduno,200068989,3,0.0,0.0,0.0,100.0,100.0,100.0,0.0,3,0,2592.0,319.0,0.0,0,0,0,0,0,0,0,0
52,22242,Plurien,200069391,77,0.0,30.0,43.0,61.0,79.0,83.0,17.0,74,4,255809.0,8302.0,5134.0,151,124,26,764,0,3672,246,0
53,22251,Pordic,200069409,187,0.0,36.0,75.0,93.0,96.0,96.0,4.0,235,1,101047.0,22925.0,466.0,0,0,0,0,0,0,331,135
54,22258,Quessoy,200069391,14,0.0,21.0,36.0,86.0,100.0,100.0,0.0,15,0,28316.0,1549.0,0.0,0,0,0,0,0,0,0,0
55,22265,Rospez,200065928,1,0.0,0.0,100.0,100.0,100.0,100.0,0.0,1,0,2278.0,132.0,0.0,0,0,0,0,0,0,0,0
56,22268,Ruca,200068989,12,0.0,0.0,8.0,92.0,92.0,92.0,8.0,13,0,8687.0,1380.0,0.0,0,0,0,0,0,0,0,0
57,22273,Saint-Alban,200069391,130,0.0,29.0,74.0,86.0,94.0,95.0,5.0,118,1,474768.0,12640.0,6106.0,0,734,413,824,0,672,3230,233
58,22278,Saint-Brieuc,200069409,3,0.0,67.0,67.0,67.0,100.0,100.0,0.0,1,0,8060.0,148.0,491.0,0,0,0,378,0,0,0,113
59,22282,Saint-Cast-le-Guildo,200068989,29,0.0,3.0,21.0,55.0,76.0,79.0,21.0,28,4,29648.0,4117.0,419.0,0,0,0,175,0,0,0,244
60,22299,Saint-Hélen,200068989,53,0.0,8.0,47.0,57.0,92.0,94.0,6.0,52,0,75625.0,5234.0,1086.0,0,0,0,0,0,1036,50,0
61,22319,Saint-Michel-en-Grève,200065928,1,0.0,0.0,0.0,100.0,100.0,100.0,0.0,1,0,1180.0,152.0,0.0,0,0,0,0,0,0,0,0
62,22323,Saint-Pôtan,200068989,3,0.0,0.0,67.0,100.0,100.0,100.0,0.0,3,0,5824.0,346.0,0.0,0,0,0,0,0,0,0,0
63,22324,Saint-Quay-Perros,200065928,2,0.0,50.0,100.0,100.0,100.0,100.0,0.0,2,0,6327.0,468.0,0.0,0,0,0,0,0,0,0,0
64,22325,Saint-Quay-Portrieux,200069409,46,0.0,24.0,48.0,72.0,78.0,80.0,20.0,43,0,43737.0,6047.0,2610.0,0,0,0,1009,0,0,1601,0
65,22327,Saint-Samson-sur-Rance,200068989,28,0.0,4.0,32.0,50.0,89.0,100.0,0.0,28,0,34291.0,2934.0,0.0,0,0,0,0,0,0,0,0
66,22339,Taden,200068989,72,0.0,8.0,51.0,74.0,92.0,93.0,7.0,70,3,173509.0,7451.0,5717.0,0,516,206,3536,1459,0,0,0
67,22343,Trébeurden,200065928,35,0.0,43.0,74.0,86.0,86.0,86.0,14.0,71,2,42167.0,6935.0,307.0,0,0,0,0,0,200,107,0
68,22347,Trédarzec,200065928,13,0.0,15.0,46.0,92.0,92.0,92.0,8.0,15,0,9076.0,1437.0,0.0,0,0,0,0,0,0,0,0
69,22349,Trédrez-Locquémeau,200065928,13,0.0,23.0,69.0,77.0,85.0,85.0,15.0,10,2,12710.0,1254.0,970.0,0,0,0,220,0,0,750,0
70,22353,Trégastel,200065928,49,0.0,29.0,65.0,76.0,82.0,84.0,16.0,46,3,52134.0,5834.0,931.0,0,0,0,665,0,0,266,0
71,22356,Trégomeur,200069086,1,0.0,100.0,100.0,100.0,100.0,100.0,0.0,0,0,19559.0,0.0,700.0,0,0,0,0,0,700,0,0
72,22360,Trégueux,200069409,68,0.0,38.0,85.0,96.0,97.0,97.0,3.0,147,0,77986.0,13067.0,4861.0,0,909,55,2985,257,0,655,0
73,22363,Trélévern,200065928,14,0.0,29.0,43.0,50.0,57.0,64.0,36.0,13,3,19786.0,1751.0,219.0,0,0,0,219,0,0,0,0
74,22368,Tréméreuc,243500725,6,0.0,17.0,50.0,67.0,100.0,100.0,0.0,3,1,3082.0,314.0,813.0,0,0,244,400,0,169,0,0
75,22377,Tréveneuc,200069409,74,0.0,19.0,57.0,78.0,85.0,88.0,12.0,78,4,69161.0,8045.0,800.0,0,0,0,0,0,800,0,0
76,22379,Trévou-Tréguignec,200065928,50,0.0,30.0,86.0,92.0,92.0,94.0,6.0,45,2,45078.0,4723.0,3617.0,0,189,6,0,0,1197,0,2137
77,22385,La Vicomté-sur-Rance,200068989,55,0.0,2.0,35.0,49.0,85.0,87.0,13.0,58,0,26628.0,5444.0,290.0,0,105,0,0,0,0,185,0
78,22389,Yffiniac,200069409,129,0.0,17.0,64.0,95.0,98.0,98.0,2.0,175,0,450612.0,15799.0,3615.0,0,1529,0,0,0,0,2068,18
79,29001,Argol,200066868,20,0.0,50.0,70.0,85.0,85.0,85.0,15.0,20,2,18718.0,2177.0,0.0,0,0,0,0,0,0,0,0
80,29003,Audierne,242900629,17,0.0,47.0,59.0,82.0,82.0,82.0,18.0,14,1,21988.0,1212.0,1314.0,0,119,343,379,0,0,0,473
81,29006,Bénodet,242900660,125,0.0,22.0,31.0,83.0,87.0,88.0,12.0,135,14,95237.0,17363.0,7.0,0,0,0,0,0,0,0,7
82,29008,Beuzec-Cap-Sizun,242900629,3,0.0,33.0,33.0,33.0,33.0,33.0,67.0,2,0,2643.0,358.0,68.0,0,0,0,0,0,68,0,0
83,29011,Bohars,242900314,66,0.0,11.0,88.0,98.0,100.0,100.0,0.0,66,0,73879.0,7623.0,0.0,0,0,0,0,0,0,0,0
84,29015,Bourg-Blanc,242900553,5,0.0,0.0,20.0,0.0,0.0,0.0,100.0,4,0,11059.0,470.0,1420.0,0,0,0,0,0,1420,0,0
85,29019,Brest,242900314,254,0.0,65.0,79.0,94.0,95.0,96.0,4.0,902,2,612296.0,77819.0,61846.0,1757,18185,6963,0,8,148,2496,11649
86,29021,Plounéour-Brignogan-plages,242900793,16,0.0,25.0,44.0,81.0,81.0,88.0,12.0,15,2,16883.0,1812.0,798.0,0,0,0,0,0,798,0,0
87,29022,Camaret-sur-Mer,200066868,10,0.0,70.0,80.0,80.0,80.0,80.0,20.0,14,2,16769.0,1220.0,0.0,0,0,0,0,0,0,0,0
88,29023,Carantec,242900835,36,0.0,44.0,64.0,81.0,83.0,89.0,11.0,77,3,35807.0,7506.0,273.0,0,0,273,0,0,0,0,0
89,29028,Cléden-Cap-Sizun,242900629,2,0.0,50.0,50.0,50.0,50.0,50.0,50.0,1,0,9553.0,120.0,720.0,0,0,0,0,0,720,0,0
90,29030,Cléder,200067072,98,0.0,51.0,66.0,87.0,88.0,92.0,8.0,92,10,271233.0,10093.0,93271.0,0,248,0,836,0,90759,1428,0
91,29031,Clohars-Carnoët,242900694,178,0.0,28.0,46.0,52.0,89.0,90.0,10.0,283,14,199703.0,30208.0,999.0,0,0,467,0,0,65,0,0
92,29032,Clohars-Fouesnant,242900660,81,0.0,1.0,32.0,91.0,94.0,95.0,5.0,98,5,126785.0,11242.0,1746.0,0,873,0,0,0,0,0,0
93,29035,Coat-Méal,242900553,8,0.0,0.0,25.0,100.0,100.0,100.0,0.0,8,0,5281.0,850.0,0.0,0,0,0,0,0,0,0,0
94,29037,Combrit,242900702,51,0.0,35.0,67.0,90.0,92.0,94.0,6.0,46,3,49286.0,5952.0,1037.0,0,0,0,693,0,0,344,0
95,29039,Concarneau,242900769,323,0.0,49.0,65.0,87.0,95.0,95.0,5.0,512,35,411639.0,46221.0,8318.0,37,1420,1608,1379,775,0,328,2771
96,29040,Le Conquet,242900074,61,0.0,38.0,59.0,87.0,89.0,90.0,10.0,64,2,70969.0,7504.0,0.0,0,0,0,0,0,0,0,0
97,29042,Crozon,200066868,51,0.0,35.0,59.0,78.0,88.0,88.0,12.0,75,7,138587.0,6722.0,11657.0,412,678,3143,0,0,288,5298,8
98,29043,Daoulas,242900801,63,0.0,10.0,48.0,89.0,95.0,98.0,2.0,62,1,32077.0,6999.0,107.0,0,107,0,0,0,0,0,0
99,29044,Dinéault,200067247,16,0.0,31.0,62.0,81.0,81.0,81.0,19.0,18,3,9213.0,3274.0,1920.0,960,0,0,0,0,0,0,0
100,29045,Dirinon,242900801,27,0.0,19.0,56.0,96.0,96.0,96.0,4.0,24,0,35060.0,2903.0,2180.0,0,95,0,689,0,220,1176,0
101,29046,Douarnenez,242900645,94,0.0,63.0,66.0,89.0,90.0,93.0,7.0,89,3,101705.0,9359.0,2621.0,0,0,1716,0,9,0,887,9
102,29053,Le Faou,200066868,55,0.0,33.0,42.0,93.0,95.0,96.0,4.0,66,0,48166.0,6625.0,603.0,0,0,0,0,0,89,0,514
103,29056,La Forest-Landerneau,242900801,73,0.0,18.0,33.0,96.0,97.0,97.0,3.0,72,1,38604.0,9013.0,470.0,0,0,0,0,0,235,0,0
104,29057,La Forêt-Fouesnant,242900660,66,0.0,26.0,39.0,95.0,95.0,97.0,3.0,104,2,99733.0,9410.0,295.0,0,0,295,0,0,0,0,0
105,29058,Fouesnant,242900660,197,0.0,31.0,39.0,75.0,81.0,83.0,17.0,297,31,827593.0,32058.0,6580.0,0,0,6162,0,0,0,29,389
106,29060,Gouesnach,242900660,20,0.0,0.0,5.0,90.0,95.0,95.0,5.0,19,0,10412.0,1899.0,8.0,0,0,0,0,0,8,0,0
107,29063,Goulien,242900629,4,0.0,50.0,100.0,100.0,100.0,100.0,0.0,3,0,2784.0,272.0,1008.0,0,0,0,0,0,1008,0,0
108,29064,Goulven,242900793,6,0.0,50.0,83.0,100.0,100.0,100.0,0.0,8,0,6909.0,914.0,0.0,0,0,0,0,0,0,0,0
109,29068,Guiclan,242900751,2,0.0,100.0,100.0,100.0,100.0,100.0,0.0,0,0,0.0,0.0,1885.0,0,0,0,0,0,1885,0,0
110,29069,Guilers,242900314,57,0.0,21.0,68.0,96.0,96.0,96.0,4.0,63,0,30716.0,6931.0,20.0,0,0,0,0,0,0,0,20
111,29072,Guilvinec,242900702,8,0.0,38.0,75.0,88.0,88.0,88.0,12.0,6,0,12150.0,814.0,918.0,0,126,0,27,765,0,0,0
112,29073,Guimaëc,242900835,10,0.0,0.0,50.0,70.0,90.0,90.0,10.0,9,0,7581.0,955.0,105.0,0,0,0,105,0,0,0,0
113,29075,Guipavas,242900314,155,0.0,25.0,72.0,94.0,97.0,97.0,3.0,336,1,772487.0,32302.0,20272.0,0,4133,0,2677,4473,3204,4532,1190
114,29077,Guissény,242900793,25,0.0,40.0,56.0,84.0,92.0,96.0,4.0,28,1,52814.0,2798.0,652.0,0,0,0,0,0,652,0,0
115,29078,Hanvec,242900801,24,0.0,25.0,42.0,100.0,100.0,100.0,0.0,23,0,36668.0,3336.0,668.0,0,0,0,129,0,0,0,410
116,29079,Henvic,242900835,6,0.0,17.0,67.0,100.0,100.0,100.0,0.0,16,0,655.0,1210.0,190.0,0,0,0,0,0,0,0,190
117,29080,Hôpital-Camfrout,242900801,18,0.0,11.0,39.0,94.0,100.0,100.0,0.0,18,0,15874.0,2239.0,0.0,0,0,0,0,0,0,0,0
118,29082,Île-de-Batz,200067072,4,0.0,25.0,75.0,100.0,100.0,100.0,0.0,3,2,4473.0,355.0,780.0,0,0,0,0,0,0,780,0
119,29086,Irvillac,242900801,4,0.0,25.0,75.0,100.0,100.0,100.0,0.0,7,0,3359.0,697.0,0.0,0,0,0,0,0,0,0,0
120,29091,Kerlouan,242900793,13,0.0,46.0,62.0,92.0,92.0,92.0,8.0,10,2,19788.0,974.0,1829.0,0,0,0,0,0,1782,0,47
121,29093,Kernilis,242900793,1,0.0,100.0,100.0,100.0,100.0,100.0,0.0,1,0,1100.0,117.0,0.0,0,0,0,0,0,0,0,0
122,29098,Lampaul-Plouarzel,242900074,5,0.0,0.0,60.0,100.0,100.0,100.0,0.0,5,0,3298.0,627.0,0.0,0,0,0,0,0,0,0,0
123,29101,Landéda,242900553,71,0.0,34.0,55.0,85.0,87.0,87.0,13.0,70,1,35071.0,7495.0,138.0,0,0,0,138,0,0,0,0
124,29103,Landerneau,242900801,135,0.0,47.0,60.0,95.0,97.0,97.0,3.0,226,2,76690.0,22078.0,91.0,0,91,0,0,0,0,0,0
125,29104,Landévennec,200066868,4,0.0,50.0,50.0,100.0,100.0,100.0,0.0,1,0,187670.0,39.0,1427.0,0,0,0,0,0,1427,0,0
126,29109,Landunvez,242900074,44,0.0,20.0,48.0,95.0,95.0,95.0,5.0,42,0,69584.0,4576.0,15821.0,0,0,0,0,0,15821,0,0
127,29112,Lanildut,242900074,8,0.0,25.0,38.0,75.0,75.0,75.0,25.0,8,1,5556.0,776.0,0.0,0,0,0,0,0,0,0,0
128,29113,Lanmeur,242900835,13,0.0,38.0,92.0,100.0,100.0,100.0,0.0,13,0,9574.0,1811.0,0.0,0,0,0,0,0,0,0,0
129,29117,Lannilis,242900553,124,0.0,41.0,66.0,98.0,98.0,98.0,2.0,129,0,309395.0,13653.0,89.0,0,0,0,0,0,89,0,0
130,29120,Lanvéoc,200066868,13,0.0,31.0,77.0,85.0,85.0,85.0,15.0,13,1,7516.0,1392.0,0.0,0,0,0,0,0,0,0,0
131,29130,Locmaria-Plouzané,242900074,70,0.0,19.0,46.0,99.0,99.0,99.0,1.0,75,0,39125.0,7619.0,441.0,0,58,0,0,0,237,146,0
132,29132,Locquénolé,242900835,7,0.0,0.0,57.0,100.0,100.0,100.0,0.0,7,0,0.0,989.0,0.0,0,0,0,0,0,0,0,0
133,29133,Locquirec,242900835,17,0.0,41.0,59.0,65.0,88.0,88.0,12.0,22,4,2751.0,2657.0,0.0,0,0,0,0,0,0,0,0
134,29135,Loctudy,242900702,75,0.0,25.0,48.0,77.0,81.0,83.0,17.0,76,23,66752.0,9305.0,1053.0,0,130,0,0,0,348,0,575
135,29137,Logonna-Daoulas,242900801,3,0.0,0.0,67.0,100.0,100.0,100.0,0.0,3,0,3124.0,388.0,0.0,0,0,0,0,0,0,0,0
136,29140,Loperhet,242900801,57,0.0,37.0,53.0,89.0,89.0,89.0,11.0,67,0,67552.0,7640.0,10350.0,0,0,0,0,0,10350,0,0
137,29143,Mahalon,242900629,14,0.0,29.0,50.0,93.0,93.0,93.0,7.0,14,1,16898.0,1506.0,0.0,0,0,0,0,0,0,0,0
138,29145,Confort-Meilars,242900629,3,0.0,33.0,67.0,100.0,100.0,100.0,0.0,3,0,3270.0,297.0,0.0,0,0,0,0,0,0,0,0
139,29146,Melgven,242900769,2,0.0,0.0,50.0,50.0,100.0,100.0,0.0,2,0,1914.0,256.0,0.0,0,0,0,0,0,0,0,0
140,29148,Mespaul,200067072,1,0.0,100.0,100.0,100.0,100.0,100.0,0.0,0,0,0.0,0.0,3264.0,0,0,0,0,0,3264,0,0
141,29150,Moëlan-sur-Mer,242900694,45,0.0,7.0,49.0,60.0,84.0,84.0,16.0,43,5,43289.0,4829.0,179.0,44,135,0,0,0,0,0,0
142,29151,Morlaix,242900835,4,0.0,25.0,25.0,75.0,75.0,75.0,25.0,3,0,10190.0,375.0,9.0,0,0,0,0,0,0,0,9
143,29153,Névez,242900769,28,0.0,29.0,50.0,57.0,64.0,64.0,36.0,23,1,38908.0,2492.0,1427.0,0,0,0,210,0,816,401,0
144,29155,Ouessant,NR,1,0.0,100.0,0.0,100.0,100.0,100.0,0.0,1,0,649.0,147.0,0.0,0,0,0,0,0,0,0,0
145,29156,Pencran,242900801,97,0.0,9.0,47.0,96.0,97.0,97.0,3.0,106,3,64228.0,11332.0,0.0,0,0,0,0,0,0,0,0
146,29158,Penmarch,242900702,50,0.0,26.0,48.0,72.0,78.0,80.0,20.0,44,15,186028.0,5336.0,9701.0,0,655,1382,993,6184,0,478,9
147,29159,Peumerit,242900710,1,0.0,100.0,100.0,100.0,100.0,100.0,0.0,1,0,0.0,172.0,0.0,0,0,0,0,0,0,0,0
148,29161,Pleuven,242900660,86,0.0,2.0,44.0,90.0,93.0,93.0,7.0,82,4,71797.0,8751.0,777.0,0,0,0,293,172,0,312,0
149,29165,Plobannalec-Lesconil,242900702,136,0.0,22.0,70.0,88.0,90.0,90.0,10.0,139,15,223435.0,15105.0,1469.0,0,212,0,470,0,0,459,272
150,29166,Ploéven,200067247,2,0.0,0.0,0.0,100.0,100.0,100.0,0.0,4,0,1950.0,488.0,0.0,0,0,0,0,0,0,0,0
151,29168,Plogoff,242900629,10,0.0,10.0,10.0,50.0,70.0,80.0,20.0,11,3,8574.0,997.0,0.0,0,0,0,0,0,0,0,0
152,29171,Plomeur,242900702,27,0.0,37.0,63.0,74.0,74.0,78.0,22.0,28,2,59506.0,3795.0,2977.0,0,0,0,441,296,0,188,1617
153,29172,Plomodiern,200067247,20,0.0,30.0,40.0,90.0,95.0,95.0,5.0,19,2,20663.0,2362.0,111.0,0,0,0,0,0,0,111,0
154,29174,Plonéour-Lanvern,242900710,111,0.0,8.0,18.0,85.0,87.0,88.0,12.0,110,2,73246.0,11356.0,647.0,0,647,0,0,0,0,0,0
155,29176,Plonévez-Porzay,200067247,20,0.0,40.0,70.0,95.0,95.0,95.0,5.0,15,0,65406.0,1514.0,3438.0,0,10,51,0,0,2925,38,414
156,29177,Plouarzel,242900074,58,0.0,43.0,72.0,86.0,88.0,88.0,12.0,52,2,78349.0,5830.0,2037.0,0,139,0,327,0,96,754,625
157,29178,Ploudalmézeau,242900074,74,0.0,42.0,62.0,92.0,95.0,95.0,5.0,71,0,91061.0,8227.0,1326.0,0,64,0,463,0,0,183,616
158,29181,Plouédern,242900801,89,0.0,12.0,48.0,93.0,94.0,94.0,6.0,96,2,76690.0,9305.0,2247.0,0,159,0,438,368,0,1282,0
159,29182,Plouégat-Guérand,242900835,6,0.0,17.0,83.0,83.0,100.0,100.0,0.0,5,0,10852.0,505.0,75.0,0,0,0,0,0,75,0,0
160,29184,Plouénan,200067072,65,0.0,31.0,72.0,100.0,100.0,100.0,0.0,55,1,72904.0,5886.0,17246.0,0,0,335,0,0,16911,0,0
161,29185,Plouescat,200067072,52,0.0,46.0,54.0,87.0,92.0,94.0,6.0,48,5,62266.0,5613.0,13995.0,0,330,0,0,0,13665,0,0
162,29186,Plouezoc'h,242900835,34,0.0,41.0,82.0,91.0,91.0,91.0,9.0,40,2,12292.0,5000.0,430.0,0,30,0,400,0,0,0,0
163,29188,Plougasnou,242900835,24,0.0,58.0,83.0,88.0,92.0,92.0,8.0,22,0,25784.0,2381.0,763.0,0,0,0,465,0,298,0,0
164,29189,Plougastel-Daoulas,242900314,68,0.0,40.0,59.0,97.0,99.0,99.0,1.0,80,0,426803.0,8592.0,13042.0,0,2970,0,129,493,8987,286,0
165,29190,Plougonvelin,242900074,92,0.0,24.0,41.0,88.0,88.0,88.0,12.0,105,1,73989.0,12323.0,0.0,0,0,0,0,0,0,0,0
166,29192,Plougoulm,200067072,12,0.0,42.0,67.0,92.0,92.0,92.0,8.0,7,1,103684.0,753.0,58378.0,0,0,0,0,0,58378,0,0
167,29195,Plouguerneau,242900553,58,0.0,66.0,76.0,97.0,97.0,97.0,3.0,55,1,109237.0,6084.0,16127.0,0,173,1245,1756,973,11095,395,490
168,29196,Plouguin,242900553,29,0.0,38.0,45.0,100.0,100.0,100.0,0.0,29,0,25774.0,2984.0,0.0,0,0,0,0,0,0,0,0
169,29197,Plouhinec,242900629,30,0.0,43.0,73.0,93.0,97.0,97.0,3.0,27,3,36567.0,2740.0,978.0,0,0,0,0,0,0,978,0
170,29198,Plouider,242900793,20,0.0,25.0,70.0,95.0,100.0,100.0,0.0,23,0,22087.0,2439.0,1360.0,0,0,0,0,0,1360,0,0
171,29201,Ploumoguer,242900074,50,0.0,34.0,72.0,100.0,100.0,100.0,0.0,49,0,464706.0,4581.0,362.0,0,0,0,362,0,0,0,0
172,29206,Plounévez-Lochrist,200067072,26,0.0,31.0,54.0,96.0,96.0,96.0,4.0,24,0,17681.0,2547.0,707.0,0,0,0,0,0,702,0,5
173,29208,Plourin,242900074,25,0.0,44.0,68.0,100.0,100.0,100.0,0.0,22,0,58328.0,2179.0,2961.0,0,0,0,0,0,2056,905,0
174,29209,Plouvien,242900553,19,0.0,5.0,58.0,95.0,100.0,100.0,0.0,18,0,47747.0,1867.0,1998.0,0,0,0,0,942,1056,0,0
175,29212,Plouzané,242900314,93,0.0,35.0,82.0,98.0,98.0,98.0,2.0,94,0,269483.0,10672.0,6972.0,0,2434,0,786,0,1524,349,1879
176,29214,Plovan,242900710,13,0.0,23.0,54.0,77.0,77.0,85.0,15.0,13,2,14076.0,1372.0,0.0,0,0,0,0,0,0,0,0
177,29215,Plozévet,242900710,51,0.0,37.0,57.0,84.0,88.0,90.0,10.0,51,6,58798.0,5098.0,1237.0,0,0,249,0,498,490,0,0
178,29217,Pont-Aven,242900769,28,0.0,4.0,57.0,89.0,89.0,93.0,7.0,28,3,23222.0,3374.0,593.0,0,0,0,0,0,0,0,593
179,29218,Pont-Croix,242900629,11,0.0,73.0,82.0,91.0,91.0,91.0,9.0,9,0,56684.0,1138.0,1128.0,0,0,0,0,0,1128,0,0
180,29220,Pont-l'Abbé,242900702,146,0.0,29.0,67.0,86.0,92.0,93.0,7.0,263,17,293765.0,30838.0,8842.0,0,2425,959,1027,1759,696,1326,221
181,29221,Porspoder,242900074,2,0.0,50.0,50.0,100.0,100.0,100.0,0.0,1,0,5642.0,83.0,142.0,0,0,0,142,0,0,0,0
182,29224,Pouldergat,242900645,2,0.0,50.0,50.0,100.0,100.0,100.0,0.0,2,0,27140.0,271.0,0.0,0,0,0,0,0,0,0,0
183,29225,Pouldreuzic,242900710,19,0.0,47.0,63.0,79.0,84.0,84.0,16.0,16,0,46862.0,1570.0,2346.0,0,201,0,0,0,1650,495,0
184,29226,Poullan-sur-Mer,242900645,35,0.0,17.0,49.0,89.0,89.0,91.0,9.0,40,0,50744.0,3810.0,250.0,0,0,0,0,0,0,250,0
185,29228,Primelin,242900629,2,0.0,100.0,100.0,100.0,100.0,100.0,0.0,2,0,985.0,238.0,0.0,0,0,0,0,0,0,0,0
186,29234,Rédené,242900694,1,0.0,100.0,100.0,0.0,0.0,0.0,100.0,0,0,6300.0,0.0,13.0,0,0,0,0,0,0,13,0
187,29235,Le Relecq-Kerhuon,242900314,10,0.0,10.0,60.0,100.0,100.0,100.0,0.0,39,0,7805.0,3161.0,0.0,0,0,0,0,0,0,0,0
188,29236,Riec-sur-Bélon,242900694,54,0.0,13.0,46.0,63.0,83.0,83.0,17.0,50,4,48464.0,5587.0,124.0,0,7,0,0,0,0,69,7
189,29237,La Roche-Maurice,242900801,15,0.0,20.0,60.0,87.0,93.0,93.0,7.0,15,1,9460.0,1511.0,0.0,0,0,0,0,0,0,0,0
190,29238,Roscanvel,200066868,2,0.0,0.0,0.0,100.0,100.0,100.0,0.0,2,1,3510.0,231.0,0.0,0,0,0,0,0,0,0,0
191,29239,Roscoff,200067072,14,0.0,21.0,29.0,79.0,79.0,79.0,21.0,14,2,7879.0,1497.0,0.0,0,0,0,0,0,0,0,0
192,29240,Rosnoën,200066868,16,0.0,0.0,56.0,81.0,81.0,81.0,19.0,14,0,11734.0,1537.0,406.0,0,0,0,260,0,0,0,146
193,29245,Saint-Divy,242900801,45,0.0,18.0,29.0,100.0,100.0,100.0,0.0,50,1,36394.0,5132.0,508.0,0,0,0,0,0,508,0,0
194,29247,Saint-Évarzec,242900660,5,0.0,0.0,60.0,80.0,100.0,100.0,0.0,4,0,2365.0,446.0,92.0,0,0,0,0,0,46,0,0
195,29248,Saint-Frégant,242900793,11,0.0,27.0,55.0,100.0,100.0,100.0,0.0,12,0,13013.0,1411.0,0.0,0,0,0,0,0,0,0,0
196,29251,Saint-Jean-du-Doigt,242900835,20,0.0,0.0,60.0,70.0,80.0,80.0,20.0,21,2,3795.0,2138.0,0.0,0,0,0,0,0,0,0,0
197,29252,Saint-Jean-Trolimon,242900702,1,0.0,100.0,100.0,100.0,100.0,100.0,0.0,0,0,18635.0,0.0,550.0,0,0,0,0,0,550,0,0
198,29254,Saint-Martin-des-Champs,242900835,46,0.0,24.0,83.0,100.0,100.0,100.0,0.0,48,2,16184.0,4471.0,0.0,0,0,0,0,0,0,0,0
199,29256,Saint-Nic,200067247,2,0.0,100.0,100.0,100.0,100.0,100.0,0.0,1,0,63276.0,144.0,280.0,0,0,0,0,0,280,0,0
200,29257,Saint-Pabu,242900553,28,0.0,21.0,46.0,86.0,89.0,89.0,11.0,28,0,14977.0,2786.0,447.0,0,105,0,0,0,0,342,0
201,29259,Saint-Pol-de-Léon,200067072,95,0.0,38.0,68.0,88.0,91.0,91.0,9.0,187,4,134219.0,14778.0,19029.0,0,272,2463,550,0,13944,1476,324
202,29270,Saint-Urbain,242900801,2,0.0,50.0,50.0,100.0,100.0,100.0,0.0,1,0,7347.0,115.0,747.0,0,0,0,0,0,747,0,0
203,29272,Saint-Yvi,242900769,4,0.0,75.0,100.0,100.0,100.0,100.0,0.0,0,0,47631.0,0.0,2150.0,0,0,0,0,0,2150,0,0
204,29273,Santec,200067072,62,0.0,42.0,68.0,84.0,97.0,97.0,3.0,60,8,21987.0,6939.0,305.0,0,0,5,0,0,300,0,0
205,29276,Sibiril,200067072,13,0.0,77.0,92.0,100.0,100.0,100.0,0.0,8,0,90605.0,1040.0,71795.0,0,0,0,0,0,71795,0,0
206,29279,Taulé,242900835,11,0.0,9.0,73.0,91.0,91.0,91.0,9.0,24,0,5520.0,2194.0,9.0,0,0,0,0,9,0,0,0
207,29280,Telgruc-sur-Mer,200066868,39,0.0,18.0,56.0,79.0,82.0,82.0,18.0,39,8,40717.0,4997.0,0.0,0,0,0,0,0,0,0,0
208,29282,Trébabu,242900074,18,0.0,0.0,61.0,100.0,100.0,100.0,0.0,18,0,10667.0,1955.0,0.0,0,0,0,0,0,0,0,0
209,29284,Treffiagat,242900702,22,0.0,27.0,50.0,73.0,73.0,73.0,27.0,21,2,41788.0,2726.0,205.0,0,205,0,0,0,0,0,0
210,29287,Tréflez,200067072,25,0.0,36.0,48.0,80.0,88.0,88.0,12.0,24,5,51597.0,3083.0,2232.0,0,0,0,0,0,2232,0,0
211,29290,Tréglonou,242900553,10,0.0,20.0,90.0,100.0,100.0,100.0,0.0,10,0,8982.0,1219.0,0.0,0,0,0,0,0,0,0,0
212,29292,Tréguennec,242900702,1,0.0,0.0,0.0,100.0,100.0,100.0,0.0,1,0,767.0,120.0,0.0,0,0,0,0,0,0,0,0
213,29293,Trégunc,242900769,33,0.0,48.0,64.0,91.0,97.0,97.0,3.0,33,3,38831.0,4145.0,1877.0,0,0,550,0,1327,0,0,0
214,29296,Tréméoc,242900702,63,0.0,6.0,52.0,98.0,100.0,100.0,0.0,63,2,38797.0,6656.0,0.0,0,0,0,0,0,0,0,0
215,29298,Tréogat,242900710,1,0.0,100.0,100.0,100.0,100.0,100.0,0.0,0,0,5362.0,0.0,207.0,0,0,0,0,0,0,0,207
216,35049,Cancale,243500782,121,0.0,43.0,52.0,83.0,85.0,93.0,7.0,188,16,123812.0,16417.0,6072.0,77,295,1096,1794,113,2344,345,8
217,35070,Châteauneuf-d'Ille-et-Vilaine,243500782,3,0.0,0.0,67.0,67.0,100.0,100.0,0.0,35,0,6870.0,2420.0,0.0,0,0,0,0,0,0,0,0
218,35078,Cherrueix,200070670,10,0.0,60.0,60.0,90.0,90.0,90.0,10.0,6,0,63895.0,701.0,656.0,0,142,0,0,0,372,0,0
219,35093,Dinard,243500725,72,0.0,22.0,22.0,76.0,85.0,93.0,7.0,212,32,93661.0,18099.0,211.0,0,0,97,0,0,0,10,7
220,35116,La Fresnais,243500782,45,0.0,16.0,47.0,69.0,69.0,91.0,9.0,46,2,19560.0,4686.0,0.0,0,0,0,0,0,0,0,0
221,35122,La Gouesnière,243500782,77,0.0,21.0,62.0,94.0,97.0,99.0,1.0,66,7,50314.0,7048.0,7125.0,0,1051,244,1559,0,1486,2622,9
222,35132,Hirel,243500782,10,0.0,50.0,60.0,80.0,90.0,90.0,10.0,9,2,46647.0,1097.0,2068.0,0,0,0,0,0,1468,0,600
223,35153,Lillemer,243500782,16,0.0,12.0,88.0,94.0,100.0,100.0,0.0,15,0,12134.0,1794.0,122.0,0,0,0,61,0,0,0,0
224,35179,Miniac-Morvan,243500782,152,0.0,20.0,48.0,90.0,96.0,99.0,1.0,135,8,131228.0,13508.0,17322.0,0,353,915,4558,8987,0,2509,0
225,35181,Le Minihic-sur-Rance,243500725,34,0.0,12.0,62.0,85.0,94.0,94.0,6.0,30,2,29536.0,4130.0,1351.0,0,62,0,937,9,0,343,0
226,35228,Pleurtuit,243500725,118,0.0,31.0,44.0,72.0,84.0,97.0,3.0,151,14,185844.0,14640.0,4070.0,0,330,200,2296,0,0,732,512
227,35241,La Richardais,243500725,82,0.0,22.0,55.0,93.0,93.0,94.0,6.0,103,10,42543.0,10864.0,322.0,0,0,0,0,0,0,322,0
228,35247,Roz-sur-Couesnon,200070670,18,0.0,11.0,44.0,78.0,83.0,89.0,11.0,16,1,11170.0,1330.0,728.0,563,0,0,0,0,0,0,165
229,35256,Saint-Briac-sur-Mer,243500725,29,0.0,21.0,48.0,72.0,79.0,79.0,21.0,25,2,31247.0,4333.0,1065.0,0,104,0,127,0,0,623,0
230,35259,Saint-Broladre,200070670,3,0.0,33.0,33.0,100.0,100.0,100.0,0.0,4,0,2198.0,529.0,0.0,0,0,0,0,0,0,0,0
231,35263,Saint-Coulomb,243500782,184,0.0,20.0,59.0,84.0,89.0,91.0,9.0,188,19,90191.0,21181.0,187.0,0,0,0,0,0,0,187,0
232,35270,Saint-Georges-de-Gréhaigne,200070670,3,0.0,33.0,100.0,100.0,100.0,100.0,0.0,0,0,15358.0,0.0,3829.0,3254,140,0,435,0,0,0,0
233,35279,Saint-Guinoux,243500782,53,0.0,23.0,79.0,96.0,100.0,100.0,0.0,48,1,39026.0,5008.0,1312.0,0,0,0,1212,0,0,100,0
234,35284,Saint-Jouan-des-Guérets,243500782,80,0.0,19.0,52.0,92.0,94.0,95.0,5.0,73,6,129833.0,7969.0,9987.0,0,0,6693,2414,16,0,855,9
235,35287,Saint-Lunaire,243500725,149,0.0,3.0,47.0,86.0,95.0,97.0,3.0,233,22,74979.0,23956.0,9.0,0,0,0,0,0,0,9,0
236,35288,Saint-Malo,243500782,288,0.0,39.0,43.0,86.0,92.0,96.0,4.0,727,53,328155.0,58195.0,24805.0,3011,2997,8544,4328,0,678,733,4514
237,35291,Saint-Marcan,200070670,1,0.0,100.0,100.0,100.0,100.0,100.0,0.0,0,0,0.0,30.0,13.0,0,13,0,0,0,0,0,0
238,35299,Saint-Méloir-des-Ondes,243500782,219,0.0,22.0,56.0,84.0,89.0,94.0,6.0,244,27,236722.0,25242.0,13249.0,0,305,517,1501,7,8739,2172,8
239,35306,Saint-Père-Marc-en-Poulet,243500782,35,0.0,9.0,57.0,83.0,94.0,97.0,3.0,32,3,37196.0,3922.0,2940.0,0,0,0,0,0,2620,0,320
240,35314,Saint-Suliac,243500782,30,0.0,30.0,57.0,97.0,100.0,100.0,0.0,54,4,65184.0,4773.0,14.0,0,0,0,0,14,0,0,0
241,35358,La Ville-ès-Nonais,243500782,33,0.0,18.0,55.0,88.0,88.0,94.0,6.0,31,0,19475.0,3366.0,1031.0,0,0,0,707,0,162,0,0
242,44006,Assérac,244400610,47,0.0,2.0,40.0,77.0,74.0,87.0,13.0,49,5,170858.0,4922.0,538.0,0,0,0,0,0,530,0,8
243,44010,Batz-sur-Mer,244400610,66,0.0,2.0,27.0,83.0,88.0,89.0,11.0,94,3,85771.0,8377.0,39.0,0,0,0,39,0,0,0,0
244,44012,La Bernerie-en-Retz,200067346,164,0.0,4.0,31.0,79.0,80.0,93.0,7.0,182,21,91049.0,19189.0,137.0,0,42,71,0,0,24,0,0
245,44019,Bouée,200072734,30,0.0,3.0,17.0,97.0,97.0,97.0,3.0,30,1,11541.0,2813.0,0.0,0,0,0,0,0,0,0,0
246,44021,Villeneuve-en-Retz,200067346,4,0.0,0.0,0.0,100.0,100.0,100.0,0.0,4,0,4787.0,416.0,0.0,0,0,0,0,0,0,0,0
247,44033,La Chapelle-Launay,200072734,1,0.0,0.0,0.0,100.0,100.0,100.0,0.0,1,0,1121.0,142.0,0.0,0,0,0,0,0,0,0,0
248,44045,Cordemais,200072734,24,0.0,42.0,54.0,8.0,0.0,8.0,92.0,22,0,28468.0,2350.0,5316.0,0,808,0,0,2520,0,0,1988
249,44046,Corsept,244400586,2,0.0,50.0,100.0,0.0,0.0,0.0,100.0,2,0,1855.0,235.0,0.0,0,0,0,0,0,0,0,0
250,44049,Le Croisic,244400610,43,0.0,70.0,77.0,0.0,0.0,0.0,100.0,43,0,15875.0,4712.0,0.0,0,0,0,0,0,0,0,0
251,44052,Donges,244400644,109,0.0,28.0,49.0,4.0,0.0,4.0,96.0,149,2,86219.0,13220.0,2300.0,0,1339,0,0,531,0,421,9
252,44055,La Baule-Escoublac,244400610,72,0.0,26.0,33.0,6.0,0.0,6.0,94.0,188,1,75483.0,16175.0,5716.0,4697,20,163,0,0,0,810,26
253,44061,Frossay,244400586,47,0.0,38.0,51.0,4.0,0.0,4.0,96.0,45,5,27847.0,4050.0,638.0,0,48,0,0,0,590,0,0
254,44069,Guérande,244400610,66,0.0,48.0,52.0,9.0,0.0,11.0,89.0,168,2,170936.0,15236.0,2752.0,0,173,763,1207,371,111,0,16
255,44072,Herbignac,244400610,25,0.0,12.0,64.0,0.0,0.0,0.0,100.0,25,0,24136.0,2917.0,0.0,0,0,0,0,0,0,0,0
256,44080,Lavau-sur-Loire,200072734,2,0.0,0.0,50.0,100.0,100.0,100.0,0.0,2,0,672.0,195.0,0.0,0,0,0,0,0,0,0,0
257,44097,Mesquer,244400610,86,0.0,3.0,13.0,67.0,67.0,81.0,19.0,105,18,73604.0,10503.0,786.0,0,39,209,323,0,176,0,0
258,44103,Montoir-de-Bretagne,244400644,107,0.0,11.0,27.0,96.0,82.0,99.0,1.0,103,0,3972665.0,9762.0,17669.0,0,5210,323,0,10847,0,1138,151
259,44106,Les Moutiers-en-Retz,200067346,70,0.0,0.0,24.0,79.0,79.0,90.0,10.0,81,3,34389.0,7638.0,776.0,0,0,0,0,0,768,0,8
260,44116,Paimbœuf,244400586,2,0.0,50.0,50.0,100.0,50.0,100.0,0.0,1,0,3891.0,80.0,455.0,0,0,0,0,0,0,0,455
261,44125,Piriac-sur-Mer,244400610,92,0.0,7.0,10.0,45.0,60.0,78.0,22.0,167,4,97095.0,16044.0,8.0,0,0,0,0,0,0,0,8
262,44126,La Plaine-sur-Mer,200067346,73,0.0,0.0,29.0,78.0,79.0,95.0,5.0,73,8,48049.0,7311.0,2056.0,0,0,0,262,0,0,1794,0
263,44131,Pornic,200067346,412,0.0,10.0,49.0,85.0,83.0,92.0,8.0,642,14,491764.0,58525.0,17382.0,0,975,2148,1705,757,7297,1775,2622
264,44132,Pornichet,244400644,42,0.0,45.0,48.0,93.0,76.0,98.0,2.0,94,0,124231.0,9454.0,13609.0,0,499,9879,298,541,126,2259,7
265,44135,Le Pouliguen,244400610,3,0.0,0.0,0.0,67.0,33.0,67.0,33.0,2,2,18013.0,238.0,9835.0,9835,0,0,0,0,0,0,0
266,44136,Préfailles,200067346,18,0.0,0.0,39.0,72.0,83.0,94.0,6.0,21,3,15551.0,2414.0,0.0,0,0,0,0,0,0,0,0
267,44137,Prinquiau,200072734,2,0.0,50.0,50.0,100.0,100.0,100.0,0.0,2,0,3754.0,289.0,0.0,0,0,0,0,0,0,0,0
268,44154,Saint-Brevin-les-Pins,244400586,106,0.0,2.0,54.0,92.0,74.0,95.0,5.0,96,5,91533.0,11833.0,11366.0,0,979,1864,5325,468,0,2723,7
269,44168,Saint-Joachim,244400644,2,0.0,0.0,0.0,100.0,100.0,100.0,0.0,2,0,2165.0,144.0,0.0,0,0,0,0,0,0,0,0
270,44176,Saint-Malo-de-Guersac,244400644,1,0.0,100.0,100.0,100.0,100.0,100.0,0.0,1,0,776.0,142.0,0.0,0,0,0,0,0,0,0,0
271,44182,Saint-Michel-Chef-Chef,200067346,220,0.0,0.0,30.0,85.0,88.0,95.0,5.0,254,8,107857.0,23289.0,2688.0,0,0,0,0,0,2680,0,8
272,44183,Saint-Molf,244400610,81,0.0,7.0,47.0,81.0,81.0,86.0,14.0,86,0,133669.0,8892.0,3459.0,0,225,1586,1043,0,571,0,34
273,44184,Saint-Nazaire,244400644,76,0.0,12.0,18.0,92.0,82.0,96.0,4.0,624,0,164633.0,49031.0,6942.0,0,714,1223,0,644,1264,0,1696
274,44187,Saint-Père-en-Retz,244400586,1,0.0,0.0,100.0,100.0,100.0,100.0,0.0,1,0,5329.0,119.0,0.0,0,0,0,0,0,0,0,0
275,44192,Saint-Viaud,244400586,125,0.0,1.0,44.0,94.0,94.0,98.0,2.0,122,7,110066.0,11305.0,2128.0,0,0,665,142,0,648,0,8
276,44195,Savenay,200072734,2,0.0,0.0,0.0,100.0,100.0,100.0,0.0,2,0,606.0,248.0,0.0,0,0,0,0,0,0,0,0
277,44210,Trignac,244400644,41,0.0,29.0,34.0,95.0,95.0,98.0,2.0,74,0,40001.0,5508.0,1800.0,0,0,0,0,1800,0,0,0
278,44211,La Turballe,244400610,67,0.0,7.0,57.0,79.0,79.0,91.0,9.0,79,1,54615.0,8348.0,4313.0,0,1313,0,0,0,3000,0,0
279,56002,Ambon,200027027,77,0.0,22.0,32.0,75.0,84.0,90.0,10.0,74,3,471203.0,8107.0,2937.0,0,129,0,104,0,2133,571,0
280,56003,Arradon,200067932,35,0.0,40.0,54.0,74.0,89.0,89.0,11.0,91,1,11861.0,8712.0,2608.0,0,704,0,0,0,1868,29,7
281,56005,Arzon,200067932,10,0.0,30.0,60.0,70.0,70.0,80.0,20.0,7,2,11325.0,984.0,818.0,0,0,0,550,0,0,268,0
282,56007,Auray,200043123,65,0.0,28.0,46.0,80.0,88.0,89.0,11.0,145,0,47892.0,12533.0,3321.0,0,3304,0,0,0,0,0,17
283,56008,Baden,200067932,120,0.0,36.0,53.0,72.0,85.0,88.0,12.0,114,6,171526.0,17055.0,5739.0,0,633,112,2137,0,537,784,1536
284,56009,Bangor,245600465,9,0.0,33.0,67.0,89.0,89.0,89.0,11.0,7,3,20680.0,914.0,431.0,0,0,0,0,20,411,0,0
285,56013,Belz,200043123,92,0.0,21.0,47.0,74.0,82.0,83.0,17.0,93,4,100640.0,10936.0,3726.0,0,0,3383,343,0,0,0,0
286,56018,Billiers,200027027,74,0.0,11.0,35.0,58.0,74.0,78.0,22.0,73,21,87164.0,7912.0,7.0,0,0,0,0,7,0,0,0
287,56021,Brandérion,200042174,2,0.0,50.0,50.0,50.0,50.0,50.0,50.0,1,0,32015.0,163.0,2982.0,0,553,0,0,0,0,2429,0
288,56023,Brech,200043123,124,0.0,24.0,73.0,91.0,97.0,97.0,3.0,147,2,161224.0,14728.0,11253.0,0,5229,0,625,947,519,3933,0
289,56030,Camoël,244400610,42,0.0,0.0,21.0,55.0,83.0,90.0,10.0,41,4,40516.0,4006.0,2230.0,0,0,348,0,0,1549,0,0
290,56034,Carnac,200043123,47,0.0,40.0,74.0,81.0,85.0,89.0,11.0,55,3,45085.0,7020.0,7691.0,0,1441,596,3369,506,127,821,0
291,56036,Caudan,200042174,39,0.0,26.0,74.0,97.0,100.0,100.0,0.0,81,0,49129.0,9653.0,13968.0,0,441,5184,5184,0,0,2808,117
292,56046,Crach,200043123,141,0.0,4.0,66.0,84.0,89.0,91.0,9.0,148,5,133238.0,16190.0,6311.0,0,326,0,4674,0,0,1311,0
293,56052,Damgan,200027027,39,0.0,31.0,36.0,59.0,85.0,87.0,13.0,39,9,46168.0,4519.0,0.0,0,0,0,0,0,0,0,0
294,56054,Erdeven,200043123,144,0.0,22.0,54.0,76.0,88.0,92.0,8.0,203,17,205754.0,19669.0,1379.0,0,0,63,635,0,0,663,18
295,56055,Étel,200043123,22,0.0,36.0,55.0,68.0,77.0,86.0,14.0,21,1,13569.0,2399.0,380.0,0,0,0,380,0,0,0,0
296,56062,Gâvres,200042174,5,0.0,20.0,100.0,100.0,100.0,100.0,0.0,14,0,1405.0,1337.0,0.0,0,0,0,0,0,0,0,0
297,56069,Groix,200042174,13,0.0,54.0,54.0,54.0,77.0,77.0,23.0,21,3,34364.0,2767.0,2388.0,0,0,0,0,532,746,0,555
298,56078,Guidel,200042174,190,0.0,44.0,77.0,79.0,92.0,93.0,7.0,313,2,205430.0,32758.0,6154.0,0,289,310,1435,1468,0,2344,9
299,56083,Hennebont,200042174,15,0.0,20.0,67.0,87.0,93.0,93.0,7.0,10,0,45496.0,1190.0,13497.0,0,2054,0,729,4523,0,2741,3450
300,56084,Le Hézo,200067932,26,0.0,19.0,38.0,81.0,96.0,96.0,4.0,26,0,15185.0,2904.0,166.0,0,0,0,166,0,0,0,0
301,56087,Île-aux-Moines,200067932,8,0.0,0.0,12.0,100.0,100.0,100.0,0.0,0,0,1421.0,0.0,1681.0,90,0,0,1404,0,187,0,0
302,56088,Île-d'Arz,200067932,13,0.0,0.0,23.0,54.0,69.0,85.0,15.0,20,6,8517.0,1622.0,0.0,0,0,0,0,0,0,0,0
303,56094,Kervignac,245600440,212,0.0,21.0,26.0,94.0,99.0,99.0,1.0,223,0,459607.0,23000.0,59.0,0,0,0,59,0,0,0,0
304,56096,Landaul,200043123,77,0.0,9.0,71.0,97.0,97.0,97.0,3.0,79,4,54711.0,8069.0,2035.0,0,216,0,566,0,0,1253,0
305,56097,Landévant,200043123,121,0.0,26.0,57.0,94.0,97.0,97.0,3.0,126,1,173625.0,12323.0,12742.0,0,5558,1233,0,5112,0,839,0
306,56098,Lanester,200042174,84,0.0,19.0,79.0,90.0,99.0,99.0,1.0,255,1,334778.0,20848.0,493.0,0,0,0,0,78,387,28,0
307,56101,Languidic,200042174,2,0.0,0.0,50.0,100.0,100.0,100.0,0.0,2,0,2025.0,256.0,0.0,0,0,0,0,0,0,0,0
308,56107,Larmor-Plage,200042174,25,0.0,20.0,64.0,92.0,96.0,96.0,4.0,30,0,11920.0,4042.0,6417.0,0,2819,1720,285,0,0,1307,143
309,56109,Lauzach,245614383,5,0.0,40.0,40.0,100.0,100.0,100.0,0.0,4,0,30251.0,592.0,24.0,0,0,0,0,0,24,0,0
310,56114,Locmaria,245600465,8,0.0,75.0,88.0,100.0,100.0,100.0,0.0,8,1,7649.0,763.0,0.0,0,0,0,0,0,0,0,0
311,56116,Locmariaquer,200043123,24,0.0,46.0,71.0,79.0,83.0,88.0,12.0,18,5,46710.0,1977.0,1382.0,0,48,0,489,297,146,401,1
312,56118,Locmiquélic,200042174,12,0.0,25.0,67.0,100.0,100.0,100.0,0.0,52,0,49259.0,4189.0,0.0,0,0,0,0,0,0,0,0
313,56119,Locoal-Mendon,200043123,77,0.0,17.0,62.0,84.0,87.0,90.0,10.0,71,7,74029.0,7539.0,2952.0,0,0,0,37,0,2915,0,0
314,56121,Lorient,200042174,34,0.0,62.0,76.0,82.0,85.0,97.0,3.0,21,0,68192.0,2545.0,23916.0,0,4203,508,1484,6712,0,2316,8693
315,56130,Merlevenez,245600440,53,0.0,43.0,58.0,92.0,92.0,94.0,6.0,43,0,92247.0,3770.0,5200.0,0,203,72,414,0,1630,1793,0
316,56143,Muzillac,200027027,60,0.0,47.0,65.0,88.0,97.0,97.0,3.0,58,1,168456.0,7232.0,1689.0,0,91,1154,0,0,192,60,0
317,56148,Nostang,245600440,58,0.0,21.0,31.0,86.0,90.0,91.0,9.0,55,0,292989.0,5653.0,1220.0,0,0,0,483,0,142,463,132
318,56149,Noyal-Muzillac,200027027,3,0.0,0.0,100.0,100.0,100.0,100.0,0.0,3,0,2696.0,411.0,0.0,0,0,0,0,0,0,0,0
319,56152,Le Palais,245600465,26,0.0,50.0,77.0,77.0,96.0,96.0,4.0,18,0,10610.0,1686.0,2499.0,0,5,283,1667,544,0,0,0
320,56155,Pénestin,244400610,122,0.0,1.0,14.0,33.0,65.0,74.0,26.0,128,55,79868.0,12342.0,3519.0,0,126,1028,63,616,1488,190,8
321,56158,Plescop,200067932,19,0.0,47.0,74.0,79.0,89.0,95.0,5.0,36,0,102791.0,2171.0,15267.0,0,872,383,5999,2586,0,5427,0
322,56161,Ploemel,200043123,108,0.0,35.0,79.0,89.0,93.0,94.0,6.0,113,8,113709.0,13015.0,750.0,0,48,0,411,0,0,291,0
323,56162,Ploemeur,200042174,177,0.0,45.0,75.0,85.0,93.0,95.0,5.0,253,11,197922.0,27956.0,11246.0,0,1014,0,3399,0,0,5512,1123
324,56164,Ploeren,200067932,169,0.0,30.0,53.0,90.0,95.0,95.0,5.0,238,1,292137.0,24798.0,4538.0,0,0,0,0,0,1820,2718,0
325,56167,Plougoumelen,200067932,98,0.0,29.0,57.0,92.0,94.0,94.0,6.0,126,0,304836.0,11330.0,13371.0,0,956,1133,3349,411,1454,5952,7
326,56168,Plouharnel,200043123,95,0.0,25.0,65.0,74.0,87.0,87.0,13.0,99,14,46128.0,10256.0,135.0,0,0,0,0,0,0,128,7
327,56169,Plouhinec,245600440,161,0.0,34.0,4.0,78.0,89.0,91.0,9.0,189,1,379759.0,18677.0,8742.0,0,165,183,1566,0,5808,823,32
328,56175,Plumergat,200043123,15,0.0,20.0,53.0,100.0,100.0,100.0,0.0,15,0,12833.0,1972.0,0.0,0,0,0,0,0,0,0,0
329,56176,Pluneret,200043123,188,0.0,25.0,57.0,89.0,94.0,95.0,5.0,308,1,793231.0,29005.0,310.0,0,155,0,0,0,0,0,0
330,56181,Port-Louis,200042174,15,0.0,27.0,80.0,93.0,100.0,100.0,0.0,18,2,4407.0,1766.0,0.0,0,0,0,0,0,0,0,0
331,56185,Quéven,200042174,152,0.0,26.0,84.0,93.0,98.0,98.0,2.0,248,1,586490.0,23805.0,3866.0,0,0,146,1626,0,0,1738,210
332,56186,Quiberon,200043123,26,0.0,15.0,27.0,23.0,77.0,77.0,23.0,52,5,14967.0,5252.0,0.0,0,0,0,0,0,0,0,0
333,56193,Riantec,200042174,141,0.0,23.0,62.0,79.0,87.0,87.0,13.0,149,7,108563.0,14821.0,5571.0,0,636,689,1259,1074,0,555,1358
334,56205,Saint-Armel,200067932,11,0.0,0.0,36.0,73.0,91.0,91.0,9.0,11,1,12223.0,1651.0,205.0,0,0,0,205,0,0,0,0
335,56206,Saint-Avé,200067932,65,0.0,14.0,49.0,94.0,100.0,100.0,0.0,194,0,124027.0,16257.0,5765.0,0,4031,340,0,0,0,1037,17
336,56214,Saint-Gildas-de-Rhuys,200067932,103,0.0,5.0,50.0,59.0,82.0,83.0,17.0,173,21,137439.0,18593.0,2806.0,0,0,407,0,0,1125,0,757
337,56220,Sainte-Hélène,245600440,50,0.0,12.0,36.0,86.0,96.0,96.0,4.0,47,3,120812.0,4579.0,2142.0,0,0,0,0,0,2019,24,0
338,56231,Saint-Nolff,200067932,1,0.0,0.0,100.0,100.0,100.0,100.0,0.0,1,0,1578.0,179.0,0.0,0,0,0,0,0,0,0,0
339,56233,Saint-Philibert,200043123,19,0.0,16.0,47.0,74.0,84.0,89.0,11.0,43,1,20287.0,5327.0,0.0,0,0,0,0,0,0,0,0
340,56234,Saint-Pierre-Quiberon,200043123,11,0.0,18.0,36.0,64.0,91.0,91.0,9.0,19,1,35098.0,2076.0,752.0,0,0,0,0,0,752,0,0
341,56240,Sarzeau,200067932,299,0.0,25.0,38.0,54.0,73.0,77.0,23.0,294,66,706963.0,36523.0,5669.0,91,65,715,2540,239,1111,547,0
342,56241,Sauzon,245600465,11,0.0,55.0,55.0,64.0,73.0,73.0,27.0,6,3,17685.0,528.0,2205.0,189,0,549,899,0,0,568,0
343,56243,Séné,200067932,63,0.0,35.0,43.0,87.0,95.0,95.0,5.0,281,3,726256.0,20965.0,483.0,0,376,0,0,0,0,100,7
344,56248,Surzur,200067932,176,0.0,26.0,57.0,85.0,91.0,92.0,8.0,179,5,1286694.0,19307.0,10135.0,0,80,0,1336,0,7485,1011,7
345,56251,Theix-Noyalo,200067932,123,0.0,17.0,62.0,92.0,97.0,98.0,2.0,209,1,268973.0,19658.0,6063.0,0,421,0,0,102,0,4189,1351
346,56252,Le Tour-du-Parc,200067932,72,0.0,0.0,39.0,60.0,69.0,79.0,21.0,92,18,269342.0,8900.0,1691.0,0,0,0,0,0,0,0,1691
347,56255,Treffléan,200067932,4,0.0,0.0,25.0,100.0,100.0,100.0,0.0,4,0,2739.0,563.0,0.0,0,0,0,0,0,0,0,0
348,56258,La Trinité-sur-Mer,200043123,32,0.0,6.0,34.0,44.0,56.0,62.0,38.0,54,7,24259.0,7036.0,0.0,0,0,0,0,0,0,0,0
349,56259,La Trinité-Surzur,200067932,4,0.0,25.0,25.0,75.0,75.0,100.0,0.0,1,0,6870.0,100.0,1604.0,0,14,155,0,0,0,1435,0
350,56260,Vannes,200067932,414,0.0,45.0,26.0,83.0,92.0,94.0,6.0,900,16,2136136.0,96953.0,67770.0,15,42040,8114,1717,0,1264,5463,5354
351,56262,Le Bono,200067932,53,0.0,13.0,34.0,89.0,91.0,94.0,6.0,66,0,50122.0,6435.0,859.0,0,19,0,0,0,797,43,0
352,56263,Sainte-Anne-d'Auray,200043123,142,0.0,15.0,65.0,88.0,92.0,92.0,8.0,183,4,113094.0,18911.0,3282.0,0,0,0,0,2526,0,0,756
