,INSEE_COM,NOM,Nb_mutations,prix_median_terrain_m2,prix_median_terrain_m2,valeur_fonciere_EuroConstant,SURFACE_MUTATION
,,,count,median,max,sum,sum
0,22002,Andel,3,0.4998000000000001,0.6720600000000001,11923.786200000002,21390.0
1,22012,La Bouillie,5,0.6174111321095844,0.8214685314685316,165584.88399499998,294975.0
2,22016,Île-de-Bréhat,45,5.468271334792123,25.948262548262548,401901.39908,94104.0
3,22028,Camlez,17,1.3479300458715595,26.305263157894736,1094616.871825,722816.0
4,22028,Penvénan,1,1.0122,1.0122,26270.6388,25954.0
5,22044,Coëtmieux,15,0.6925259979317476,68.0745,357529.46598000004,309759.0
6,22049,Créhen,44,0.5959756899810964,76.33484162895928,1796634.71113,536645.0
7,22054,Erquy,128,2.1232348387937847,444.12098298676756,10645851.063803,820140.0
8,22055,Binic-Étables-sur-Mer,118,1.7585175112314735,787.704280155642,5411174.379701001,837396.0
9,22055,Lantic,1,0.33587098175499563,0.33587098175499563,1546.35,4604.0
10,22055,Plourhan,3,0.6360617272809314,1.0018,176342.6889,293896.0
11,22055,Pordic,1,0.5102309266296404,0.5102309266296404,52364.99999999999,102630.0
12,22076,Fréhel,1,0.5979077441550236,0.5979077441550236,127740.0,213645.0
13,22076,Hénanbihen,9,0.3524511687054623,0.78407,73105.12098,216973.0
14,22076,Plurien,1,0.33103071246609006,0.33103071246609006,88102.5,266146.0
15,22076,Pléboulle,2,0.3542337773823153,0.5592477981432993,11217.400000000001,40543.0
16,22081,Hillion,157,0.517779548223826,62.51790830945558,1663690.745846,1364427.0
17,22085,Kerbors,48,1.1747,11.747,903456.094823,668469.0
18,22085,Pleumeur-Gautier,1,1.0649729216585748,1.0649729216585748,119328.085926,112048.0
19,22086,Kerfot,25,0.80144,20.461116910229645,367032.9819,355549.0
20,22086,Paimpol,1,2.406929723193042,2.406929723193042,270103.246607,112219.0
21,22086,Yvias,2,0.5222017244748411,0.6283799999999999,26956.5366,53275.0
22,22090,Kermaria-Sulard,22,1.4700161728449712,101.26724137931035,1043810.34244,472612.0
23,22090,Louannec,2,0.9118808658340205,1.2849251636191275,181415.0,184777.0
24,22093,Lamballe-Armor,78,0.5865791994750656,142.2527,2044213.0429490001,2400018.0
25,22093,Saint-Alban,1,0.6936270190895741,0.6936270190895741,8502.48,12258.0
26,22094,Lancieux,63,1.2286299559471365,372.575,4174498.2954780003,418436.0
27,22103,Langrolay-sur-Rance,39,0.67005,107.31901840490798,411419.43708,309800.0
28,22103,Plouër-sur-Rance,1,0.4524656311834771,0.4524656311834771,34986.0,77323.0
29,22106,Langueux,81,1.0419534883720931,263.77994011976045,1894369.459001,255078.0
30,22106,Saint-Brieuc,1,0.6386999999999999,0.6386999999999999,2038.0917,3191.0
31,22109,Lanloup,10,0.7863934450651769,38.557659208261626,77806.40616,67939.0
32,22109,Plouha,2,0.6535776869921688,0.9397506552910527,63043.802200000006,93261.0
33,22111,Lanmodez,27,1.1118404363267378,18.364582210242588,342699.23465,270182.0
34,22111,Pleubian,3,0.9897491892244259,1.4001093044111879,108113.35010000001,122315.0
35,22113,Lannion,124,3.438965278674381,923.0044435072053,10735699.289660001,1134106.0
36,22113,Louannec,1,0.6526122082781233,0.6526122082781233,298961.0,458099.0
37,22113,Pleumeur-Bodou,1,0.6327343061404368,0.6327343061404368,25843.4,40844.0
38,22113,Rospez,1,1.0345222369000442,1.0345222369000442,7048.200000000001,6813.0
39,22117,Lantic,47,0.6971513353115728,128.7511345646438,1087764.185582,243117.0
40,22118,Lanvallay,15,0.6387,58.440303430079155,368178.2635,110288.0
41,22118,Saint-Hélen,1,0.44709,0.44709,24998.14317,55913.0
42,22119,Lanvellec,1,0.494955130887618,0.494955130887618,10645.0,21507.0
43,22127,Lézardrieux,96,1.3549900000000001,71.06590909090909,1969784.439296,1359414.0
44,22127,Pleudaniel,1,1.0498027613412229,1.0498027613412229,27677.0,26364.0
45,22127,Pleumeur-Gautier,4,0.7617544628091493,1.5852901484480433,116981.9,174828.0
46,22134,Louannec,45,2.1230098559514787,496.3521126760564,2426901.542187,588905.0
47,22143,Matignon,72,0.6354627127659574,123.16528925619835,1604968.592193,1256713.0
48,22143,Pléboulle,1,0.4238224919858106,0.4238224919858106,126525.0,298533.0
49,22143,Saint-Cast-le-Guildo,1,0.6619052226148411,0.6619052226148411,6556.171230000001,9905.0
50,22162,Paimpol,117,1.434504748982361,612.5637681159419,3287364.18864,916848.0
51,22162,Plourivo,2,0.9067231409036589,1.2565464228510412,96904.35200000001,79883.0
52,22166,Penvénan,114,1.5207556754948275,221.51570247933884,4567458.251212,974590.0
53,22166,Plougrescant,2,1.4961983048187892,1.6522266096375786,64105.900160000005,43234.0
54,22166,Trévou-Tréguignec,1,0.910916150737098,0.910916150737098,38989.944,42803.0
55,22168,Perros-Guirec,84,19.508732218844983,386.05164319248826,5073239.36494,496033.0
56,22168,Saint-Quay-Perros,1,0.584847498014297,0.584847498014297,13253.814,22662.0
57,22168,Trégastel,1,1.699385171790235,1.699385171790235,4698.8,2765.0
58,22172,Plancoët,3,0.44706079664570236,0.4527294525109898,10741.150000000001,29827.0
59,22174,Pléboulle,44,0.5636111403416465,163.3479166666667,909288.6744,638120.0
60,22174,Ruca,2,0.5902905243166662,0.6651310486333324,65717.02799999999,103718.0
61,22176,Plédran,22,0.47483163063881617,0.6976688938381589,81041.21923,175847.0
62,22177,Plouha,1,0.516113953476222,0.516113953476222,81005.117226,156952.0
63,22177,Pléguien,3,0.37251240913366973,0.5053225806451613,65657.898,178750.0
64,22178,Pléhédel,20,0.8113963340807175,1.6631613539270458,236502.2071,279223.0
65,22186,Pléneuf-Val-André,107,1.0676068952936884,2031.4885496183206,5608582.39226,594174.0
66,22186,Saint-Alban,2,0.6903575066984091,0.8606294683211438,36161.14,45625.0
67,22187,Plérin,166,0.5286184668280014,174.17825768667643,3042440.913753,1151742.0
68,22187,Pordic,1,0.33603000000000005,0.33603000000000005,989.2723200000001,2944.0
69,22190,Pleslin-Trigavou,40,0.6633328950947782,117.61050000000002,522535.941865,293550.0
70,22190,Taden,1,0.38295601575135363,0.38295601575135363,10892.035,28442.0
71,22194,Plestin-les-Grèves,124,0.6094069770888498,215.16220326864146,3377968.5483810003,2990823.0
72,22195,Pleubian,174,1.2515418077428104,217.12622950819673,4330170.118976,1806418.0
73,22195,Pleumeur-Gautier,1,0.8432878679109835,0.8432878679109835,14096.400000000001,16716.0
74,22195,Trédarzec,1,0.6942055185537583,0.6942055185537583,7296.1,10510.0
75,22196,Pleudaniel,52,1.0242095887378813,25.548,1675064.53057,1435019.0
76,22197,Pleudihen-sur-Rance,143,0.58735,108.14949201741655,1535786.44922,1568794.0
77,22197,Saint-Hélen,1,0.7048261764551238,0.7048261764551238,26810.1781,38038.0
78,22198,Louannec,1,0.39170094099196234,0.39170094099196234,11988.399,30606.0
79,22198,Pleumeur-Bodou,114,1.4447046886058983,382.22937062937064,3541724.2826570002,817953.0
80,22198,Trégastel,1,0.392035,0.392035,48576.664815000004,123909.0
81,22199,Pleumeur-Gautier,101,1.1390149999999999,20.846,2590315.503191,1987849.0
82,22199,Trédarzec,2,3.4792214294346935,5.702678571428572,293698.9743,216033.0
83,22201,Fréhel,83,0.52365,223.193,2046936.202818,2225577.0
84,22201,Plévenon,75,1.1669205298013245,97.715625,791841.07131,372596.0
85,22204,Ploëzal,15,0.8767419038272817,1.460388310648519,483500.76801,642044.0
86,22209,Beaussais-sur-Mer,99,0.661662447257384,120.95126865808822,3398764.341259,1260324.0
87,22209,Lancieux,1,0.7007556174189701,0.7007556174189701,10572.300000000001,15087.0
88,22210,Ploubazlanec,115,1.4930096593797664,99.96,2807594.364356,1028411.0
89,22211,Ploubezre,60,0.8630680263302389,96.50925925925925,1877122.416138,1385887.0
90,22213,Plouër-sur-Rance,162,0.7917138765042726,311.6485129310345,2834911.351027,1297717.0
91,22213,Saint-Hélen,1,0.58735,0.58735,8551.228650000001,14559.0
92,22214,Plouha,1,0.45706608996539794,0.45706608996539794,3962.763,8670.0
93,22214,Plouézec,169,0.7088706896551725,195.78333333333336,2863877.911576,1419081.0
94,22218,Plougrescant,159,1.1907463823305409,46.28512396694215,2551234.775262,1796672.0
95,22221,Plouguiel,91,1.14653,46.45910852713178,1905350.285554,1239773.0
96,22222,Binic-Étables-sur-Mer,1,0.4437227732391748,0.4437227732391748,11938.361213999999,26905.0
97,22222,Plouha,175,0.7214666546177481,371.5862459489456,4826141.140677,1823666.0
98,22224,Ploulec'h,39,0.6657647858599592,289.1751968503937,1132067.759654,690137.0
99,22224,Ploumilliau,3,0.42439565459679013,0.5578225460780111,47356.299475,92299.0
100,22226,Ploumilliau,64,0.5880353489961105,193.13666352497643,1603695.72533,1456919.0
101,22232,Lantic,1,0.678059782970508,0.678059782970508,10185.136,15021.0
102,22232,Plourhan,54,0.7343093795888979,64.07454545454546,794459.95193,518087.0
103,22232,Tréveneuc,1,0.5286742020383022,0.5286742020383022,9441.063900000001,17858.0
104,22233,Plourivo,111,0.5524632352941177,107.81944660950897,1481115.323029,1730865.0
105,22235,Plouzélambre,15,0.52365,19.161,186895.46117000002,282002.0
106,22237,Pluduno,6,0.5190682520270724,0.6795882475451439,146381.4613,260398.0
107,22237,Saint-Lormel,1,0.6279374009508716,0.6279374009508716,23773.71,37860.0
108,22238,Plufur,13,0.44952426035502957,2.9988,375456.5858,975508.0
109,22242,Plurien,73,0.7550829127613554,117.4492119089317,2102880.640648,1179401.0
110,22246,Pommeret,17,0.5427236405498748,1.68015,247833.47044999996,479861.0
111,22246,Yffiniac,1,1.6801500000000003,1.6801500000000003,5085.814050000001,3027.0
112,22251,Pordic,153,0.59976,208.48980132450333,3783305.222181,2957793.0
113,22256,Quemper-Guézennec,10,0.36271281512605036,0.8778213166144202,62092.201725000006,141299.0
114,22258,Quessoy,1,0.9000863557858376,0.9000863557858376,5211.5,5790.0
115,22265,Rospez,2,0.6278435416666667,0.70126,32340.696,46520.0
116,22268,Ruca,10,0.629380263573388,16.44006309148265,139373.3044,171431.0
117,22273,Saint-Alban,45,0.70482,276.8975069252078,1604471.88424,542348.0
118,22278,Saint-Brieuc,26,0.8809393804664722,108.192,389979.92009,135161.0
119,22282,Saint-Cast-le-Guildo,166,0.9995233219217395,392.035,5089008.913418,1065898.0
120,22299,La Vicomté-sur-Rance,4,0.589622619047619,0.7635550000000001,48670.55536500001,75867.0
121,22299,Saint-Hélen,50,0.58735,84.17792421746293,514172.2495,557251.0
122,22302,Saint-Jacut-de-la-Mer,31,20.618,881.0250000000001,2077127.387471,61665.0
123,22311,Saint-Lormel,17,0.6811670434265318,9.996000000000002,181613.35485,190583.0
124,22319,Saint-Michel-en-Grève,8,1.844826783648284,98.31377295492487,335061.23329999996,52818.0
125,22323,Saint-Pôtan,13,0.714003272429779,280.25081433224756,387753.07,87042.0
126,22324,Louannec,1,2.7457850368809273,2.7457850368809273,2605.75,949.0
127,22324,Saint-Quay-Perros,28,0.759058233150396,89.25442528735633,1438011.993247,356528.0
128,22325,Saint-Quay-Portrieux,23,9.903566710700131,122.11018711018711,767425.7385,27563.0
129,22327,Saint-Samson-sur-Rance,17,0.491884060173226,1.8957694524495678,157590.207912,216938.0
130,22327,Taden,1,0.3935983959816861,0.3935983959816861,38083.4,96757.0
131,22339,Taden,41,0.6460850000000001,113.61448688557213,2159040.18133,614289.0
132,22340,Tonquédec,2,0.23631844873990704,0.33435820895522395,5239.55,18890.0
133,22343,Trébeurden,143,2.60575,218.26683870967744,4204078.271323,675578.0
134,22347,Trédarzec,45,1.2774,20.861452928094884,1004657.832308,758927.0
135,22349,Trédrez-Locquémeau,67,1.1235570987654322,136.45286016949154,2953604.409676,907564.0
136,22350,Tréduder,30,0.4808611002944249,50.87216248506571,257140.926273,479292.0
137,22353,Trégastel,58,44.49635480304882,205.41626297577855,2506243.90395,170084.0
138,22356,Trégomeur,11,0.399532098173516,1.5255844155844156,47570.93105,93052.0
139,22360,Trégueux,25,2.74243216017069,393.72180451127815,1519255.6986129999,219019.0
140,22362,Tréguier,4,61.43545656638367,335.343295638126,298859.15,5908.0
141,22363,Trélévern,48,2.1775915143152815,125.17913436692507,1623586.913954,292043.0
142,22368,Tréméreuc,45,0.719480291970803,102.81627620221948,418579.773319,382954.0
143,22377,Tréveneuc,22,5.107894616798727,134.13165983606555,793990.149916,135769.0
144,22379,Trévou-Tréguignec,55,15.634500000000001,117.10762607626079,2339263.959572,164386.0
145,22385,La Vicomté-sur-Rance,50,0.5479628119001919,101.3108108108108,654297.0801649999,233218.0
146,22389,Yffiniac,109,0.6368431771894094,98.84951076320941,1587274.107762,1067678.0
147,22390,Yvias,6,0.550789009096674,0.6962742065736041,65027.055339000006,115120.0
148,29001,Argol,69,0.31269,46.963235294117645,1080796.855358,2593656.0
149,29001,Landévennec,2,0.29864236935389443,0.38164392462638075,39161.35,110520.0
150,29001,Roscanvel,1,1.413749623229177,1.413749623229177,28142.1,19906.0
151,29001,Telgruc-sur-Mer,2,0.27394672015779636,0.41997247811628,188861.90000000002,461033.0
152,29001,Trégarvan,1,0.46988,0.46988,15379.172400000001,32730.0
153,29003,Audierne,156,5.091010930888576,460.30564263322884,3374652.784236,859940.0
154,29003,Goulien,1,0.507350355005736,0.507350355005736,32727.142000000003,64506.0
155,29003,Plouhinec,1,0.46115548834628195,0.46115548834628195,20775.054750000003,45050.0
156,29003,Primelin,1,15.946254681647941,15.946254681647941,34061.200000000004,2136.0
157,29004,Bannalec,2,0.345406330785746,0.3687431693989071,9109.8,26694.0
158,29005,Baye,3,0.5595673011871775,1.1600653296870251,82662.69050000001,135577.0
159,29006,Bénodet,55,39.752961082910325,1132.4094019637014,10289846.9617,359366.0
160,29008,Beuzec-Cap-Sizun,86,0.579564639121317,163.75730994152048,1861849.87235,1953555.0
161,29008,Goulien,2,0.5055638001957901,0.6233202650762094,57305.9732,120277.0
162,29008,Pont-Croix,1,0.570200416243947,0.570200416243947,79247.02405,138981.0
163,29011,Bohars,9,3.978301891434672,53.225,393723.773225,116180.0
164,29015,Bourg-Blanc,21,0.7072353258624962,51.59736456808199,689683.6551580001,752884.0
165,29015,Coat-Méal,2,0.39393070093634164,0.5772119828026563,35804.1714,88211.0
166,29015,Plouvien,2,1.1734347780229921,1.502299726785172,77581.63,68771.0
167,29017,Brélès,20,0.5987241441633899,18.24025,830652.36161,1360510.0
168,29019,Brest,53,10.615798771750256,260.2232781456954,4580558.918218,291062.0
169,29019,Guilers,1,0.30055190776179724,0.30055190776179724,7585.6296,25239.0
170,29021,Kerlouan,1,0.6612904132696092,0.6612904132696092,4704.42,7114.0
171,29021,Plouider,2,0.6825733397190293,0.8496966794380587,31334.022,40480.0
172,29021,Plounéour-Brignogan-plages,160,1.150686127409891,170.4847867600255,2992126.5277,674741.0
173,29022,Camaret-sur-Mer,107,6.490909090909091,265.76502415458936,2950210.59208,414919.0
174,29022,Crozon,2,0.2460531787404498,0.27549229090126515,31195.710000000003,126333.0
175,29023,Carantec,48,1.9140525937255486,284.7214939024391,2161490.813691,428506.0
176,29028,Cléden-Cap-Sizun,113,0.5997600000000001,50.01006711409396,1068337.55661,971564.0
177,29028,Goulien,1,0.4698800000000001,0.4698800000000001,13673.508000000002,29100.0
178,29030,Cléder,252,1.0473,15630.064680851065,24905347.689675,2241747.0
179,29030,Plouescat,1,0.4966904748923177,0.4966904748923177,9109.8,18341.0
180,29031,Clohars-Carnoët,220,1.7382003456289852,560.0323393227367,7093565.43221,1335214.0
181,29031,Moëlan-sur-Mer,1,0.6032320162641022,0.6032320162641022,229066.50000000003,379732.0
182,29032,Clohars-Fouesnant,23,50.089999999999996,185.81911966987622,1309535.18665,138009.0
183,29035,Coat-Méal,7,0.45972648845686515,7.23723,229350.78715,354928.0
184,29037,Combrit,139,6.182631578947369,477.92631880733944,8556082.721488,1315160.0
185,29037,Plomelin,1,0.6429886805813984,0.6429886805813984,177967.05000000002,276781.0
186,29037,Plovan,1,1.217475111205253,1.217475111205253,22990.8,18884.0
187,29039,Concarneau,100,11.346921272489526,2020.0250000000003,13485121.195253,2258358.0
188,29040,Le Conquet,50,0.9300259562159101,300.1085271317829,1959982.549284,335446.0
189,29042,Crozon,576,0.8924246462746797,1069.2406483790523,12650488.233895,4450877.0
190,29042,Lanvéoc,2,0.3026323162932153,0.40488,17443.847840000002,54377.0
191,29042,Roscanvel,1,0.4642972727272727,0.4642972727272727,612.8724,1320.0
192,29042,Telgruc-sur-Mer,5,0.2505112919054703,1.119894685974238,159640.751556,454540.0
193,29043,Daoulas,8,0.7278992862213067,101.93570451436389,183497.313485,204128.0
194,29044,Dinéault,33,0.26851483448068586,79.94656488549617,542301.660075,1570533.0
195,29044,Plomodiern,1,0.5334767316272188,0.5334767316272188,328465.35799999995,615707.0
196,29045,Dirinon,70,0.5904373839992185,9.405341996029598,2199281.896903,2488866.0
197,29045,Loperhet,2,0.5809392587638298,0.6620879120879121,143068.80000000002,281293.0
198,29046,Douarnenez,107,0.696554054054054,241.74820143884895,4069327.094498,2568412.0
199,29046,Le Juch,1,0.31424595833668467,0.31424595833668467,39070.200000000004,124330.0
200,29049,Névez,1,1.1113784381551364,1.1113784381551364,10602.5503,9540.0
201,29053,Le Faou,26,0.64384741197807,57.082019230769234,965323.2226280001,740251.0
202,29056,Guipavas,1,0.7464275394425074,0.7464275394425074,38747.8,51911.0
203,29056,La Forest-Landerneau,38,0.9038387086280559,164.75415665796345,875783.578689,661154.0
204,29056,Saint-Divy,2,0.5415969488326576,0.5620438976653153,47225.5707,86689.0
205,29057,La Forêt-Fouesnant,52,1.0616665682438253,225.7128463476071,2299601.46352,591661.0
206,29058,Fouesnant,154,15.25246207533235,1305.8367699530518,12229063.023312,865552.0
207,29058,Gouesnach,1,0.6797118380062304,0.6797118380062304,2618.2499999999995,3852.0
208,29058,Pleuven,1,0.5332505322924059,0.5332505322924059,1502.7,2818.0
209,29059,Garlan,19,0.5603763440860214,0.8430457872829051,326668.8662,657406.0
210,29059,Saint-Jean-du-Doigt,2,0.6268879399173045,0.8542877559402905,206929.0,315651.0
211,29060,Gouesnach,15,41.48360655737705,187.425,865160.53201,134453.0
212,29061,Gouesnou,20,219.933,293.24399999999997,1891917.7019999998,12578.0
213,29061,Guipavas,1,12.8994595524957,12.8994595524957,142397.13400000002,11039.0
214,29063,Goulien,45,0.58735,41.1145,601845.797183,469244.0
215,29064,Goulven,41,1.0070192307692305,50.404500000000006,386620.291799,402087.0
216,29064,Plouider,2,0.9820130817007864,1.1747,100970.74500000001,124671.0
217,29068,Guiclan,33,0.8717548460661344,7.197938144329896,787439.350234,891079.0
218,29069,Guilers,18,1.1093034332735234,133.93134146341464,529409.145009,329372.0
219,29072,Guilvinec,45,42.62684268426843,340.62091503267976,1891830.645859,58670.0
220,29072,Plomeur,1,3.7833830252434906,3.7833830252434906,19034.2,5031.0
221,29073,Guimaëc,99,0.564512887723897,70.83902877697842,1097084.156688,1091077.0
222,29073,Lanmeur,1,0.7177825811893714,0.7177825811893714,27229.799999999996,37936.0
223,29073,Locquirec,1,0.5945995405521162,0.5945995405521162,15271.1,25683.0
224,29073,Saint-Jean-du-Doigt,2,0.5670571365910961,0.8342310951069688,46433.2862,95953.0
225,29075,Guipavas,103,2.975,556.0103932584269,9377626.168077,1778128.0
226,29075,Saint-Divy,1,0.30343783128880814,0.30343783128880814,4007.2000000000003,13206.0
227,29077,Guissény,106,0.7050054295202909,54.24203821656051,960557.650689,1133883.0
228,29077,Plouguerneau,1,0.5762776621297038,0.5762776621297038,48944.4144,84932.0
229,29077,Saint-Frégant,1,0.6934133503861479,0.6934133503861479,28192.800000000003,40658.0
230,29078,Hanvec,55,0.5005341124908692,565.4611801242236,1306441.871703,1936116.0
231,29078,Irvillac,1,0.562467162163911,0.562467162163911,130391.70000000001,231821.0
232,29079,Henvic,72,1.0643581425612152,59.56,1931438.779442,1707618.0
233,29080,Hôpital-Camfrout,32,0.83995384571889,81.36935300794552,722909.34253,381167.0
234,29080,Logonna-Daoulas,1,0.2827113704711442,0.2827113704711442,1974.1734999999999,6983.0
235,29082,Île-de-Batz,75,5.2364999999999995,246.0104712041885,1424196.025705,94902.0
236,29085,Île-Tudy,5,5.626321353065539,67.00606060606061,143660.3,23715.0
237,29086,Irvillac,12,1.718222741115822,66.16928104575163,551917.73,639519.0
238,29087,Le Juch,11,4.750855855855856,65.7832,255098.76100000003,44303.0
239,29090,Kerlaz,25,0.9515104509400706,20.400000000000002,533043.54959,287699.0
240,29091,Kerlouan,221,0.6805909617612979,58.70716350710901,1939254.8972460001,1022006.0
241,29093,Kernilis,17,1.0129077054693494,37.90181818181818,660137.814079,484214.0
242,29094,Kernouës,3,0.7602364947710062,1.0309,86046.79759999999,109274.0
243,29098,Lampaul-Plouarzel,49,18.044695945945943,469.69338842975213,2847463.6658550003,61567.0
244,29098,Plouarzel,2,0.44857579639890977,0.5481351993551965,161352.99999999997,298799.0
245,29099,Lampaul-Ploudalmézeau,25,1.1550700280112043,51.99321739130435,562456.8642749999,301647.0
246,29099,Saint-Pabu,1,0.9074824897792314,0.9074824897792314,22197.0217,24460.0
247,29101,Landéda,103,3.0927,2129.0,2857746.9672250003,525658.0
248,29101,Lannilis,1,0.31944008565641974,0.31944008565641974,24762.676000000003,77519.0
249,29103,Landerneau,40,1.701375318210908,133.6538888888889,2454569.668578,634570.0
250,29104,Landévennec,71,0.36012671394799056,84.83676651620846,663093.426203,806408.0
251,29104,Telgruc-sur-Mer,4,0.421888842055133,0.6000563697857948,43322.633440000005,111568.0
252,29109,Landunvez,127,0.6268986486486486,134.412,2220976.065431,1244261.0
253,29109,Plourin,3,0.5997600000000001,0.6781118832941502,149169.45056000003,235375.0
254,29112,Lanildut,45,10.122,116.63217391304349,1364666.90613,216604.0
255,29112,Porspoder,1,0.646085,0.646085,6113.902355,9463.0
256,29113,Lanmeur,40,0.6480958682634731,42.05369928400955,699477.33426,648152.0
257,29113,Saint-Jean-du-Doigt,2,0.572412171449634,0.6489679487179486,48594.719999999994,89331.0
258,29117,Lannilis,63,0.8632875857766686,91.84820000000002,2090859.09059,1004231.0
259,29119,Plouarzel,1,0.5115853599853716,0.5115853599853716,106314.6,207814.0
260,29120,Lanvéoc,60,0.8312799999999999,142.1008064516129,925358.370183,695758.0
261,29124,Lesneven,1,0.5997600000000001,0.5997600000000001,2838.6640800000005,4733.0
262,29130,Locmaria-Plouzané,56,0.6337071749024707,185.7387,1591163.814755,1781599.0
263,29130,Plougonvelin,2,0.9145077624080977,1.1690898896228545,96463.7239,91511.0
264,29130,Ploumoguer,1,0.4931651790031323,0.4931651790031323,117296.872,237845.0
265,29132,Locquénolé,3,0.5642574484398217,46.98800000000001,108591.57991400002,13730.0
266,29133,Guimaëc,3,0.44804000000000005,0.46988000000000013,3081.9767600000005,6733.0
267,29133,Locquirec,83,1.7914177949709864,214.5864,2865017.145606,305947.0
268,29134,Locronan,8,5.38015624369239,58.00287686996548,547316.674,82493.0
269,29134,Plonévez-Porzay,1,0.5434554155679265,0.5434554155679265,33386.64,61434.0
270,29135,Loctudy,145,48.185016393442616,591.3888888888889,11422836.00705,681133.0
271,29137,Logonna-Daoulas,66,0.58735,50.45862412761715,545960.44021,548139.0
272,29140,Loperhet,89,0.629469054351241,170.86545454545455,1808160.8233100001,874836.0
273,29140,Plougastel-Daoulas,2,0.6974772553242542,0.9916987563916418,20422.35,27528.0
274,29143,Mahalon,21,0.4461345511881252,34.02511415525114,462213.626414,838748.0
275,29144,La Martyre,5,0.42028538147932437,0.46998687214611873,110186.3658,248794.0
276,29145,Confort-Meilars,22,0.591950270843804,420.72048780487813,505931.968064,411817.0
277,29145,Plozévet,1,0.36538070087295105,0.36538070087295105,34907.7414,95538.0
278,29146,Melgven,29,0.6669153654954583,138.30847723704866,923180.25982,1008754.0
279,29148,Mespaul,14,1.0312936372032004,1.340317530514771,395873.2905,462340.0
280,29148,Plouénan,2,1.1731717163518618,1.3138437853627727,187682.18,161066.0
281,29150,Moëlan-sur-Mer,482,2.245172006369427,238.11486486486487,10953493.991378,2634373.0
282,29151,Morlaix,72,0.776999566883713,76.16680000000001,2531636.6837500003,1271654.0
283,29153,Névez,170,2.3733734693877553,221.31027397260274,5590641.362025,2151063.0
284,29155,Ouessant,35,6.494203539823009,84.06712734452123,441164.443508,26685.0
285,29156,Pencran,30,1.1654755220446136,100.45530612244897,482544.78045,338895.0
286,29158,Penmarch,346,20.284697693602844,169.63868455214197,11372746.97498,621472.0
287,29158,Plomeur,3,0.5039229847494554,1.829428989751098,330750.1344,276400.0
288,29159,Peumerit,15,0.56005,36.35580902090209,431022.405705,695958.0
289,29159,Plovan,1,0.5744903506403733,0.5744903506403733,193642.888,337069.0
290,29161,Pleuven,43,5.846922,114.91970074812969,1579199.809913,331472.0
291,29165,Plobannalec-Lesconil,179,20.705640423031728,225.7681681681682,7294543.698001,1797710.0
292,29166,Ploéven,21,0.7202349418403777,37.14046973803072,648424.765247,724208.0
293,29168,Plogoff,94,3.0386833666207207,122.4175,793109.24365,121635.0
294,29168,Plouhinec,1,13.47397099113618,13.47397099113618,16721.198,1241.0
295,29169,Plogonnec,1,0.36164638067789345,0.36164638067789345,30366.0,83966.0
296,29170,Plomelin,9,0.4258,0.711321,129527.70272199999,320167.0
297,29171,Plomeur,157,1.0170558375634517,177.25488215488218,3937887.154019,2150872.0
298,29171,Saint-Jean-Trolimon,1,0.4253397953105539,0.4253397953105539,78547.49999999999,184670.0
299,29172,Plomodiern,78,1.0625886004514673,137.80485533980584,2612648.20884,1299402.0
300,29174,Plonéour-Lanvern,63,0.6294082125603865,112.01000000000002,1758870.62762,599013.0
301,29174,Saint-Jean-Trolimon,1,0.4760153084196308,0.4760153084196308,52861.5,111050.0
302,29174,Tréogat,1,0.5556126716342401,0.5556126716342401,218550.8,393351.0
303,29176,Plonévez-Porzay,41,0.7153572938689218,131.9552,1223330.32665,1421767.0
304,29177,Plouarzel,87,6.283799999999999,407.45308571428575,3797363.238088,1620239.0
305,29178,Ploudalmézeau,145,46.939759036144586,815.7980456026058,7983925.407891,1164076.0
306,29178,Plourin,1,0.25527436608557846,0.25527436608557846,2577.25,10096.0
307,29179,Ploudaniel,5,3.1418999999999997,16.468499516908214,113780.46615,50586.0
308,29179,Saint-Thonan,1,0.3781060070671378,0.3781060070671378,18725.7,49525.0
309,29181,Plouédern,44,1.8123,124.45642254832853,4732020.241864,1391606.0
310,29182,Plestin-les-Grèves,1,1.2023541453428865,1.2023541453428865,1174.7,977.0
311,29182,Plouégat-Guérand,37,0.5620574162679426,33.3536,481884.08814,636491.0
312,29184,Plouvorn,1,0.6791731207692794,0.6791731207692794,53678.4476,79035.0
313,29184,Plouénan,116,1.1090571522054629,78.6576354679803,2878436.048565,2624968.0
314,29184,Saint-Pol-de-Léon,1,1.5183,1.5183,24175.8909,15923.0
315,29185,Plouescat,157,1.2508059770621969,125.86071428571428,2846868.669529,888420.0
316,29185,Plounévez-Lochrist,1,0.38028649356801325,0.38028649356801325,25689.4935,67553.0
317,29186,Plouezoc'h,72,0.7116286679199678,101.09908256880735,1794486.111918,1392280.0
318,29186,Taulé,1,2.2328865696237297,2.2328865696237297,16259.88,7282.0
319,29187,Tréflaouénan,1,1.253082085106383,1.253082085106383,1766.8457400000002,1410.0
320,29188,Plougasnou,188,0.80976,219.553125,5688750.693646,3646356.0
321,29188,Saint-Jean-du-Doigt,1,0.5002750950570343,0.5002750950570343,31577.364,63120.0
322,29189,Plougastel-Daoulas,526,1.1747,1258.2377622377621,9369676.613758,2296971.0
323,29190,Plougonvelin,86,0.9014227172915072,288.6855670103093,3203785.027415,1207473.0
324,29190,Ploumoguer,1,0.7672439376968513,0.7672439376968513,80144.0,104457.0
325,29192,Plougoulm,164,1.243632391678314,391.7951388888889,3344202.141103,1561735.0
326,29192,Santec,1,0.07667851202017814,0.07667851202017814,972.820282,12687.0
327,29192,Sibiril,1,0.3448424909908086,0.3448424909908086,17033.15,49394.0
328,29195,Lannilis,1,0.5261185143181174,0.5261185143181174,29689.92,56432.0
329,29195,Plouguerneau,399,0.892772,193.8255,6731223.713307,2959276.0
330,29196,Plouguin,46,0.6981444008834898,74.75269565217391,1372451.166722,1601057.0
331,29196,Tréglonou,1,0.5435182966228929,0.5435182966228929,57198.7785,105238.0
332,29197,Plouhinec,300,9.260690871594488,275.58944281524924,8898106.174146,2185658.0
333,29198,Guissény,1,0.07787485515643106,0.07787485515643106,672.0600000000001,8630.0
334,29198,Lesneven,1,0.02170315789473684,0.02170315789473684,103.08999999999999,4750.0
335,29198,Plouider,93,0.7991667071688943,32.384293193717276,952957.142094,1212325.0
336,29198,Tréflez,1,0.17203867377737816,0.17203867377737816,86865.595125,504919.0
337,29201,Ploumoguer,65,0.67206,208.46,1915960.9255010001,1589380.0
338,29206,Plounévez-Lochrist,139,1.0122,134.36111111111111,2030615.4159020002,2132327.0
339,29206,Tréflez,1,0.33142405063291136,0.33142405063291136,4712.849999999999,14220.0
340,29208,Plourin,29,0.5441935483870968,172.7154,1616046.348175,1793447.0
341,29208,Porspoder,2,0.4969609665537109,0.4977839699527955,121358.34,243925.0
342,29209,Plouvien,69,0.825725016066838,113.54030501089325,2137628.81961,2195847.0
343,29210,Plouvorn,22,0.981450783369315,1.1747,523414.4125,558528.0
344,29212,Plouzané,62,0.6720457439226168,2253.529822056239,24138425.067636,836549.0
345,29214,Plovan,53,0.5827554744525547,99.03726235741445,841251.861688,678795.0
346,29214,Pouldreuzic,1,0.52115,0.52115,26250.3255,50370.0
347,29215,Plozévet,199,3.5241000000000002,255.8752475247525,6321782.860166,1853583.0
348,29217,Pont-Aven,63,1.162375138734739,138.24675324675326,2392598.978611,1785453.0
349,29218,Pont-Croix,34,2.9765334794299276,53.57000000000001,837569.48646,405903.0
350,29220,Pont-l'Abbé,115,9.383807999999998,176.205,6014933.313029,1234751.0
351,29220,Tréméoc,1,0.8237792246226695,0.8237792246226695,11134.2,13516.0
352,29221,Porspoder,112,1.392502819483735,91.2156976744186,1516321.013095,1071678.0
353,29224,Pouldergat,28,7.578989683539081,117.47,905157.4301000001,634755.0
354,29225,Plovan,1,1.2756394640682094,1.2756394640682094,3141.8999999999996,2463.0
355,29225,Pouldreuzic,87,12.822680412371135,83.12588454376164,2611123.88075,885564.0
356,29226,Poullan-sur-Mer,63,0.6088894648179345,31.206586826347305,1199807.12889,1972280.0
357,29228,Primelin,58,1.1707456671228076,58.73500000000001,567807.92315,250904.0
358,29233,Quimperlé,5,0.16807537190082647,0.620631356491877,15148.7239,50300.0
359,29234,Rédené,11,0.7610366398570152,595.8022388059702,645183.478,349477.0
360,29235,Le Relecq-Kerhuon,4,74.16859772026432,223.19300000000004,548300.88879,16868.0
361,29236,Le Trévoux,2,1.0386688895324592,1.0779278702077089,752485.0499999999,714916.0
362,29236,Riec-sur-Bélon,130,3.496724764839443,448.36002857142864,6543652.408267,2603413.0
363,29237,La Roche-Maurice,13,0.82229,53.39459745762713,433308.26019,138867.0
364,29238,Roscanvel,107,1.1396082698585417,91.54720279720279,1917699.9016800001,811349.0
365,29239,Roscoff,49,2.0419020172910662,258.434,1689109.17551,121577.0
366,29239,Saint-Pol-de-Léon,1,1.3799585169821105,1.3799585169821105,10645.0,7714.0
367,29240,Rosnoën,55,0.28791666666666665,95.2085,1091668.9567,1547105.0
368,29245,Saint-Divy,17,0.9021186440677966,74.96017905918058,411135.643666,340752.0
369,29247,Saint-Évarzec,28,1.6801500000000003,92.87261306532665,945764.158029,1036289.0
370,29248,Saint-Frégant,17,1.0572300000000001,54.442424242424245,426401.18840000004,91378.0
371,29251,Saint-Jean-du-Doigt,50,0.7344083057851238,64.1934963099631,1332751.4434,1134545.0
372,29252,Saint-Jean-Trolimon,78,0.5191907894736842,115.402528,1019396.362695,1712632.0
373,29252,Tréguennec,2,0.41988404965920445,0.42865612648221346,62705.48850000001,151015.0
374,29254,Saint-Martin-des-Champs,9,0.7501980919220056,94.5491214057508,797962.58356,512664.0
375,29256,Dinéault,1,0.10574723639917473,0.10574723639917473,973.8263000000001,9209.0
376,29256,Saint-Nic,41,0.4434137168871442,143.4200636942675,703911.436966,725105.0
377,29257,Saint-Pabu,65,1.0723208191126279,131.36959287531806,1332325.25182,374417.0
378,29259,Saint-Pol-de-Léon,143,1.649641380433013,867.6,4154338.578294,1268967.0
379,29259,Santec,1,1.763798126131801,1.763798126131801,22402.000000000004,12701.0
380,29265,Sainte-Sève,3,0.5772481572481573,0.6793445783132531,90533.6,166865.0
381,29265,Taulé,2,0.4880318190891275,0.5408653083243928,115827.6721,226318.0
382,29266,Taulé,1,0.36766736182237747,0.36766736182237747,119178.64000000001,324148.0
383,29268,Saint-Thonan,10,0.6449492975449405,3.0366,192793.24154000002,282090.0
384,29270,Saint-Urbain,12,0.39491823380528374,43.507407407407406,191088.23,492236.0
385,29272,Saint-Yvi,10,0.49638663798824256,0.6139023080898997,325140.739849,676525.0
386,29273,Santec,91,2.129,159.17344173441734,2106422.44628,286068.0
387,29276,Plougoulm,1,1.1747,1.1747,1818.4356,1548.0
388,29276,Sibiril,71,1.1968774348216962,234.80357142857142,1326928.503562,795794.0
389,29279,Taulé,98,0.9493224488004681,69.57516339869281,2536110.666184,2190550.0
390,29280,Crozon,1,0.4111450000000001,0.4111450000000001,40385.95106000001,98228.0
391,29280,Telgruc-sur-Mer,150,0.5495526521949818,224.02,4243370.448205,2083915.0
392,29282,Trébabu,11,0.7373236787662216,67.04117841814838,309910.78471000004,113377.0
393,29284,Treffiagat,98,7.027712320916907,146.95189504373178,2675043.228977,323433.0
394,29285,Tréflaouénan,11,1.0451997508675148,1.5454691626534098,386894.69493999996,478124.0
395,29287,Tréflez,98,0.7990890216928965,39.10009182736456,1356192.064514,1081314.0
396,29289,Trégarvan,22,0.3998598987002814,27.651485148514848,196398.11849999998,681274.0
397,29290,Tréglonou,13,0.52115,45.78858350951374,318026.629387,396230.0
398,29292,Tréguennec,24,0.9482572938789648,40.48261911896913,724999.4407500001,199926.0
399,29293,Trégunc,204,10.516541597526768,667.955839031339,13555611.978349,2015889.0
400,29296,Tréméoc,26,11.255200485115935,167.41943750000002,1365918.59941,386288.0
401,29298,Tréogat,33,0.46988,195.51178918169208,741716.59849,651098.0
402,29300,Le Trévoux,3,0.6579299999999999,0.6579310073045002,71639.3226,185819.0
403,29302,Pont-de-Buis-lès-Quimerch,13,0.32314100586238814,1.1557433203927838,148077.02405,489379.0
404,35010,Baguer-Pican,3,0.6609313178294574,1.6942669584245076,26255.537,36189.0
405,35010,Mont-Dol,1,0.6593427179553432,0.6593427179553432,122487.41540000001,185772.0
406,35034,Roz-sur-Couesnon,1,1.2298057073314983,1.2298057073314983,54063.488699999994,43961.0
407,35049,Cancale,93,5.208562691131498,1066.7619047619048,7850931.934275,599271.0
408,35070,Châteauneuf-d'Ille-et-Vilaine,11,72.17111111111112,156.64513679245283,980583.55689,80770.0
409,35078,Cherrueix,62,0.7348115163049481,147.16642335766426,1436012.56265,609315.0
410,35078,Saint-Broladre,4,0.4888407564113736,0.5554884439786112,295027.108314,601536.0
411,35093,Dinard,13,12.694786386676322,62.47500151505969,1401405.5629999998,44539.0
412,35116,Hirel,2,0.5278375327241295,0.6048650654482589,23632.95928,49656.0
413,35116,La Fresnais,83,0.6010800000000001,88.1025,1237159.759613,473880.0
414,35116,La Gouesnière,1,0.5543104955160357,0.5543104955160357,18234.043749999997,32895.0
415,35116,Lillemer,3,0.26220324125230204,0.3710028753158491,48039.23781,140519.0
416,35122,La Gouesnière,40,0.6628842738071103,158.09219219219221,852302.7462010001,445642.0
417,35122,Saint-Benoît-des-Ondes,5,0.4858816740646798,0.6810724681829499,146344.07963999998,278333.0
418,35122,Saint-Guinoux,1,0.2844908472081685,0.2844908472081685,30926.999999999996,108710.0
419,35122,Saint-Méloir-des-Ondes,2,0.9879137997266589,1.4171051664584404,87428.7291,114670.0
420,35132,Hirel,42,0.6274216595517488,145.7664383561644,975168.89365,442056.0
421,35132,Mont-Dol,1,0.41235999999999995,0.41235999999999995,23337.514199999998,56595.0
422,35132,Saint-Benoît-des-Ondes,1,0.4161317799499886,0.4161317799499886,18305.637,43990.0
423,35153,Lillemer,41,0.6843694311172036,389.49173553719004,774786.289145,206347.0
424,35179,Miniac-Morvan,129,0.6283799999999999,238.7663551401869,5077481.319633,2301773.0
425,35181,Langrolay-sur-Rance,1,0.7240465416936006,0.7240465416936006,1120.1000000000001,1547.0
426,35181,Le Minihic-sur-Rance,38,2.8015268833533766,160.36222222222221,1666612.611207,127345.0
427,35181,Pleurtuit,2,0.5942736095313093,0.6284972190626186,69665.9799,120202.0
428,35186,Mont-Dol,101,0.54222,116.12591288229842,963089.246649,1156506.0
429,35222,Pleine-Fougères,26,0.6267244971750676,13.91340206185567,372030.11042,578505.0
430,35222,Saint-Georges-de-Gréhaigne,1,1.23211,1.23211,59806.6194,48540.0
431,35224,Plerguer,10,0.5356007071573456,0.6637377049180327,161457.63225,290935.0
432,35224,Saint-Père-Marc-en-Poulet,1,0.41126851255634256,0.41126851255634256,3193.5,7765.0
433,35228,Pleurtuit,82,0.8791914451576246,224.02000000000004,3105801.380458,906290.0
434,35228,Saint-Briac-sur-Mer,1,0.5099158704303874,0.5099158704303874,30366.0,59551.0
435,35241,La Richardais,23,4.80997375328084,7000.625000000001,1945666.05557,60942.0
436,35246,Roz-Landrieux,5,0.35753757225433525,0.36480500000000005,10690.288135,34482.0
437,35247,Roz-sur-Couesnon,53,0.6100074183976261,77.66738197424893,725745.64625,764557.0
438,35247,Saint-Marcan,1,0.28858064131397804,0.28858064131397804,67749.5,234768.0
439,35248,Sains,6,2.8699698997528627,11.106759906759907,123867.6118,95951.0
440,35248,Saint-Georges-de-Gréhaigne,2,0.8497819812518123,1.3833084986862374,16569.9159,15155.0
441,35255,Saint-Benoît-des-Ondes,33,0.5567099999999999,14.997122302158273,324199.00951299997,534500.0
442,35255,Saint-Méloir-des-Ondes,3,0.46551236247828603,0.5195541810022438,39026.58941,91542.0
443,35256,Saint-Briac-sur-Mer,64,15.264873350900587,1007.9373549295775,5927800.50915,230228.0
444,35259,Saint-Broladre,69,0.47614818941504183,36.488106060606064,718207.790851,1032295.0
445,35259,Saint-Marcan,1,0.5684570809695719,0.5684570809695719,11022.3828,19390.0
446,35263,Saint-Coulomb,82,0.8252569209027842,225.28493150684932,4059975.17245,768792.0
447,35270,Saint-Georges-de-Gréhaigne,15,0.952085,23.940386000000004,535647.561142,232804.0
448,35279,Saint-Guinoux,33,0.74515,121.21527777777776,1121887.40875,261959.0
449,35284,Saint-Jouan-des-Guérets,28,3.509453774026408,287.7515337423313,2016351.30081,405145.0
450,35287,Saint-Lunaire,62,1.848161818181818,878.8279301745636,2516471.089927,436892.0
451,35288,Saint-Malo,116,7.829186021021563,1818.675953079179,17362177.866549,1212718.0
452,35291,Saint-Marcan,33,0.4278536977491961,9.712709795544706,189020.3651,317189.0
453,35299,Saint-Méloir-des-Ondes,120,0.693077980859093,250.3527751646284,2568422.407057,2029962.0
454,35306,Saint-Père-Marc-en-Poulet,81,0.8222900000000001,224.58892857142857,2073768.415726,917831.0
455,35314,La Ville-ès-Nonais,1,0.5061,0.5061,7892.1233999999995,15594.0
456,35314,Saint-Suliac,54,0.6054302569298682,377.43050847457624,2047360.5767,237114.0
457,35358,La Ville-ès-Nonais,21,1.1649807191780823,95.97950819672131,480105.6211,182512.0
458,35361,Le Vivier-sur-Mer,12,0.6754525,79.38364978902953,277289.856543,54325.0
459,44006,Assérac,94,1.3261312564824104,154.01375000000002,2470229.210614,1291224.0
460,44010,Batz-sur-Mer,100,1.4161341527824458,433.1878453038674,1470295.099005,418814.0
461,44010,Guérande,1,0.27757682619647356,0.27757682619647356,2203.96,7940.0
462,44012,La Bernerie-en-Retz,85,19.712529550827423,547.7261613691933,5112834.3277,234799.0
463,44012,Les Moutiers-en-Retz,1,0.15968315423168675,0.15968315423168675,7296.083,45691.0
464,44012,Pornic,2,0.20262371172590332,0.23494,41096.00386,197275.0
465,44013,Prinquiau,1,0.13443946554038053,0.13443946554038053,10217.66826,76002.0
466,44019,Bouée,70,0.24633861136021745,448.6432569974555,1712620.563211,1509764.0
467,44019,Malville,2,0.1397673468420963,0.14462503014227152,8380.8963,61525.0
468,44021,Villeneuve-en-Retz,119,0.1568070282864136,193.91204887218046,1405829.527442,2983549.0
469,44033,La Chapelle-Launay,18,0.14641659505494506,1.949537750385208,80057.300915,347604.0
470,44033,Lavau-sur-Loire,2,0.09007769814072225,0.0903328115989785,8804.115600000001,97603.0
471,44038,Chauvé,6,0.11590197895618967,0.1523097156398104,18106.4094,147381.0
472,44038,Pornic,1,0.18239621047550084,0.18239621047550084,1511.335,8286.0
473,44045,Cordemais,71,0.17256622516556291,187.93624161073825,1211199.592017,1069514.0
474,44045,Saint-Étienne-de-Montluc,1,0.13145125621928985,0.13145125621928985,25521.787200000002,194154.0
475,44046,Corsept,93,0.16139671724992258,120.19875,849989.119527,2083837.0
476,44046,Saint-Père-en-Retz,2,0.14990083598092385,0.1571277696431501,23098.062209000003,148307.0
477,44046,Saint-Viaud,1,0.03548194021413566,0.03548194021413566,4205.426,118523.0
478,44049,Le Croisic,14,7.057170016009437,309.27,1046045.8449499999,95026.0
479,44050,Crossac,4,0.12922007534663574,1.8668333333333336,3605.8500000000004,33353.0
480,44050,Saint-Joachim,1,0.023100452294545652,0.023100452294545652,2584.34,111874.0
481,44052,Donges,116,0.3945775242902625,190.486388384755,3084042.932011,2525974.0
482,44055,Guérande,1,0.41900380076015203,0.41900380076015203,2094.6,4999.0
483,44055,La Baule-Escoublac,216,7.51945120694541,1807.2013953488372,21805948.167609002,944000.0
484,44055,Pornichet,1,1.7403269754768393,1.7403269754768393,3193.5,1835.0
485,44055,Saint-André-des-Eaux,1,0.201618,0.201618,2725.87536,13520.0
486,44061,Frossay,222,0.15181865755266696,169.5063694267516,1812848.316064,4913487.0
487,44069,Guérande,231,0.6994983883964545,548.5470967741936,10874528.452585,1971388.0
488,44072,Herbignac,48,0.22551119368026573,91.67942583732058,694726.4759900001,835620.0
489,44080,Lavau-sur-Loire,39,0.12507684378826364,397.7869318181818,726725.193193,1171598.0
490,44080,Savenay,1,0.15144358601709024,0.15144358601709024,6823.290768000001,45055.0
491,44089,Malville,18,0.29676127147766324,8.710588024488578,218762.11453,266908.0
492,44097,Mesquer,114,29.47233356617054,517.2916088765603,8512591.96648,627619.0
493,44103,Montoir-de-Bretagne,94,0.5432700046849429,179.38796296296297,6133325.898462,877121.0
494,44103,Saint-Malo-de-Guersac,2,0.28418596666717943,0.4468580583343589,25805.6839,60079.0
495,44103,Trignac,1,0.10728269002973766,0.10728269002973766,38854.25,362167.0
496,44106,Les Moutiers-en-Retz,64,0.2944671664863296,144.148125,1573269.8026359999,824216.0
497,44106,Pornic,5,0.159936,0.16260991058122204,112327.77064,707785.0
498,44116,Paimb?uf,4,92.22735518614905,1277.718067890819,3460610.97016,6659.0
499,44120,Le Pellerin,2,0.09651768987849918,0.12869025317133223,18032.4,186830.0
500,44125,La Turballe,1,0.15024144144144144,0.15024144144144144,5836.88,38850.0
501,44125,Piriac-sur-Mer,54,2.6510499372384935,359.41379310344826,4619361.9245299995,326019.0
502,44126,La Plaine-sur-Mer,186,1.8876418415761134,1028.5855263157894,8704429.18825,1684146.0
503,44126,Pornic,2,0.25726578954168705,0.3566771557911008,45930.770000000004,131263.0
504,44126,Préfailles,1,0.15411562913660348,0.15411562913660348,24798.9,160911.0
505,44126,Saint-Michel-Chef-Chef,1,0.12133053640994905,0.12133053640994905,809.76,6674.0
506,44131,Pornic,308,1.56345,413.3980582524272,19917213.412172,4600429.0
507,44131,Préfailles,1,1.4995674371859298,1.4995674371859298,8952.4176,5970.0
508,44132,Pornichet,130,29.926810963114754,4404.229007633588,14453599.106843,307545.0
509,44132,Saint-Nazaire,1,0.257725,0.257725,2897.8599,11244.0
510,44135,Le Pouliguen,9,235.2404858299595,457.6923076923077,1859237.23,11993.0
511,44136,Préfailles,69,1.60746644295302,250.09272467902997,3416205.29108,210437.0
512,44137,Prinquiau,24,1.2036935590725064,68.16745562130177,618852.9835,191720.0
513,44151,Saint-André-des-Eaux,14,50.799525594591834,227.88297872340425,1160484.7903999998,32169.0
514,44154,Saint-Brevin-les-Pins,132,6.028597121273989,296.8743016759777,6690896.462327,991553.0
515,44154,Saint-Père-en-Retz,4,0.11681986497360305,0.14781724117306963,40243.549875,327905.0
516,44158,Saint-Étienne-de-Montluc,20,0.12138902244018426,0.23494,87056.11977,742625.0
517,44168,Saint-Joachim,143,19.004455882352943,149.8111975116641,2955183.153347,326920.0
518,44175,Saint-Lyphard,8,0.3362440509915014,106.5050847457627,189866.4624,85915.0
519,44176,Saint-Malo-de-Guersac,79,4.998,475.61024390243904,1296272.52578,223300.0
520,44182,Saint-Michel-Chef-Chef,124,1.12005,205.7171052631579,3377541.5332090002,483559.0
521,44183,Saint-Molf,92,1.1091632492667216,222.24206349206352,3358203.381918,1365383.0
522,44184,Saint-Nazaire,165,10.592028683693517,703.3803317535545,10480122.913984999,608147.0
523,44187,Saint-Père-en-Retz,80,0.1674543987456571,85.29775280898876,513084.230874,2031579.0
524,44187,Saint-Viaud,2,0.08730333816147884,0.08856028671256809,6361.4607,73362.0
525,44192,Saint-Viaud,83,0.156345,104.23,1133404.020044,1026506.0
526,44195,Savenay,10,0.1781190619809852,47.17876106194691,64142.822565,91462.0
527,44210,Trignac,63,4.967663125948407,924.3543689320389,1789425.7101440001,472706.0
528,44211,La Turballe,218,3.655321933432617,603.8722222222221,7808015.733283,1331338.0
529,56002,Ambon,183,3.580438596491228,606.4768261964736,5753344.683779,2374592.0
530,56002,Damgan,1,0.35758108995403803,0.35758108995403803,5445.959999999999,15230.0
531,56003,Arradon,60,10.661699044684692,405.32064128256513,5464380.261965,731925.0
532,56004,Arzal,37,0.35427,39.1328125,544449.7753839999,836499.0
533,56004,Muzillac,2,0.3100179701231984,0.3520961429388791,35393.2257,106842.0
534,56005,Arzon,102,11.955722222222223,729.1241379310345,6219195.394319,326001.0
535,56005,Sarzeau,1,0.4354662441032678,0.4354662441032678,5077.100939999999,11659.0
536,56007,Auray,10,133.16686614173227,253.39546191247973,987182.7591,17024.0
537,56008,Baden,68,9.729587750061743,2055.0792452830187,6925500.44424,985270.0
538,56009,Bangor,121,0.3398786717752235,895.3506097560976,3456594.679722,1731923.0
539,56013,Belz,110,32.38950157185629,912.0814285714285,9021578.402214,905898.0
540,56013,Locoal-Mendon,2,0.845610081129964,0.9121829069134458,68301.8,84535.0
541,56018,Billiers,17,102.8546969770254,307.0644376899696,648875.34852,33836.0
542,56021,Brandérion,10,5.465205614180991,29.158158730158735,747342.2337689999,149878.0
543,56023,Brech,112,1.0220500000000001,301.8451298701299,7184475.784386,1966178.0
544,56030,Camoël,94,4.5683312486879855,148.04032766225583,2533814.091245,620012.0
545,56034,Carnac,169,6.032512350230414,1483.4235707541984,15762430.799044,1482780.0
546,56034,Ploemel,1,1163.3981494736843,1163.3981494736843,221045.6484,190.0
547,56034,Plouharnel,1,1.3936127744510978,1.3936127744510978,2094.6,1503.0
548,56036,Caudan,65,3.946028708133971,410.0122816901408,5395557.308568,1711581.0
549,56046,Auray,1,11.747,11.747,13285.857,1131.0
550,56046,Crach,77,3.4185446730119744,236.92133676092544,4424782.528806,1261669.0
551,56052,Damgan,26,1.7914187504790293,313.2913269230769,1191933.669122,363926.0
552,56054,Erdeven,229,56.63886925795053,2065.6369047619046,18570939.595527,740421.0
553,56054,Ploemel,1,0.37589676773895647,0.37589676773895647,17095.4091,45479.0
554,56055,Étel,13,144.6090003688676,305.1168831168831,1648292.85,15997.0
555,56062,Gâvres,6,40.90950598802395,340.663,334519.831093,5503.0
556,56069,Groix,101,30.915463917525773,869.2225836431228,5769003.60752,390544.0
557,56078,Guidel,164,2.005746057845571,1883.7916363636366,8424606.900701,2922133.0
558,56083,Hennebont,18,8.007575655244269,94.54403389830509,1731432.41878,149076.0
559,56084,Le Hézo,58,6.202218615982779,351.3235668789809,1918759.281356,227005.0
560,56084,Saint-Armel,1,0.18392489400363415,0.18392489400363415,15183.0,82550.0
561,56084,Surzur,2,0.6045886251459589,0.6464624774819285,440695.04485,704839.0
562,56084,Theix-Noyalo,2,0.23610422669237485,0.2802110087510189,18445.004999999997,66195.0
563,56086,Île-d'Houat,48,0.30366000000000004,660.859,2066833.41366,112915.0
564,56087,Île-aux-Moines,35,1.2965889094269871,511.9351669941061,997460.033609,233477.0
565,56088,Île-d'Arz,37,73.69510664993726,577.8254054054055,3834682.2251999998,154249.0
566,56094,Kervignac,72,32.147082077487326,375.56514423076925,5237862.92752,1006246.0
567,56096,Landaul,42,7.974567694151327,135.0905,1694267.89751,662700.0
568,56096,Pluneret,1,0.5554209971389213,0.5554209971389213,26207.539750000004,47185.0
569,56097,Landévant,37,0.7319532391622017,139.31592039800995,906328.177405,620186.0
570,56098,Lanester,16,17.670797886142605,266.7919799498747,1291822.6088369999,800762.0
571,56101,Languidic,10,0.635425,1.4506068601583113,371810.72864200006,598325.0
572,56106,Larmor-Baden,40,9.497756994518513,1396.775900900901,2617696.315,828369.0
573,56107,Larmor-Plage,38,2.80025,217.14583333333334,1098491.074275,235508.0
574,56109,Lauzach,4,54.64413043478261,58.74402234636871,211653.13999999998,5613.0
575,56114,Le Palais,1,0.8367114735658042,0.8367114735658042,29753.46,35560.0
576,56114,Locmaria,116,0.35241,1011.4833659491195,2788895.3503,1607146.0
577,56116,Locmariaquer,103,6.0732,521.15,4474010.702737,538371.0
578,56116,Pluneret,1,0.48341563786008235,0.48341563786008235,2349.4,4860.0
579,56118,Locmiquélic,31,24.6422,290.935064935065,1233975.20422,145242.0
580,56119,Locoal-Mendon,93,0.7125318066157762,281.928,3819715.025915,1840293.0
581,56121,Lorient,5,100.80900000000001,244.3854545454546,2646442.259,59199.0
582,56130,Merlevenez,52,35.19256220420286,369.0157068062827,5342079.25863,508428.0
583,56130,Plouhinec,2,0.47835444282823175,0.5841338856564635,66661.882,143008.0
584,56130,Riantec,1,0.45548999999999995,0.45548999999999995,54269.811539999995,119146.0
585,56143,Muzillac,160,0.4733276084725203,506.1,3891753.655636,2517026.0
586,56143,Noyal-Muzillac,5,0.5132737073290374,0.7263052177288186,338827.2205,606640.0
587,56148,Nostang,41,0.844626099706745,200.26735966735967,2169876.969446,899413.0
588,56149,Noyal-Muzillac,20,0.5460118122195408,96.70731707317073,310303.860604,153773.0
589,56152,Le Palais,88,1.4520908612754766,467.2950855745721,7544943.308875,865762.0
590,56152,Sauzon,1,0.13921885020613836,0.13921885020613836,1215.659,8732.0
591,56155,Pénestin,212,8.920386944066315,337.32741312741314,7365791.794105,1351383.0
592,56158,Plescop,17,52.885169999999995,127.248,2958090.203932,79442.0
593,56161,Ploemel,136,4.07628899628185,1271.035460992908,6549474.573859001,1645224.0
594,56162,Ploemeur,108,2.9560293209876543,958.7957746478874,6760818.192545,702352.0
595,56164,Ploeren,87,14.903,1507.004754130435,8967648.880935,1734405.0
596,56167,Plougoumelen,78,0.5708313822162158,438.55466666666666,5669017.491482,1283381.0
597,56168,Plouharnel,121,1.190676625659051,379.34872159090907,3264885.917141,1086779.0
598,56169,Plouhinec,120,6.085148158775706,319.35,7498165.587042999,1336117.0
599,56175,Plumergat,39,0.5720845161872126,278.4474074074074,1269301.864472,502078.0
600,56176,Plumergat,1,0.22292499999999998,0.22292499999999998,561.771,2520.0
601,56176,Pluneret,65,0.67206,324.1385273972603,2017851.31583,1708207.0
602,56177,Pluvigner,1,2.790825869008416,2.790825869008416,76273.27100000001,27330.0
603,56179,Pont-Scorff,1,0.2968186233007406,0.2968186233007406,27533.192316,92761.0
604,56181,Port-Louis,4,176.81930192271756,268.0589285714285,263272.1,13224.0
605,56185,Quéven,46,2.8027636665537092,226.89205128205128,2543352.043643,631840.0
606,56186,Quiberon,164,13.842945947361873,393.54330708661416,7988917.681594,285462.0
607,56193,Riantec,140,23.18841507692308,1819.508152173913,8353446.334748,1009772.0
608,56205,Saint-Armel,47,6.758730158730159,412.9867924528302,2237988.676045,122233.0
609,56205,Surzur,1,0.544596,0.544596,101538.29041199999,186447.0
610,56206,Saint-Avé,42,59.421499999999995,1202.179866765359,4862770.33052,349188.0
611,56206,Vannes,1,0.3196797153024911,0.3196797153024911,15271.1,47770.0
612,56214,Saint-Gildas-de-Rhuys,178,48.875134482758625,1854.6583333333335,15372006.38849,469218.0
613,56214,Sarzeau,2,0.2695272771622523,0.294134790544977,3795.0769299999997,13965.0
614,56220,Sainte-Hélène,19,9.449129239230064,388.81527255000003,1417396.45084,153309.0
615,56231,Saint-Nolff,17,0.52365,126.68886679920477,314144.112208,323260.0
616,56233,Saint-Philibert,85,16.902158273381296,221.0456989247312,11601939.017147,554444.0
617,56234,Saint-Pierre-Quiberon,113,29.64182986536108,877.7978021978023,9632664.970825,135654.0
618,56240,Sarzeau,595,2.164582484725051,1038.0017613636364,39392350.871583,2794425.0
619,56241,Sauzon,59,0.43930397727272724,922.4352941176471,1654555.745412,856209.0
620,56243,Séné,69,1.0122,498.76572769953054,4892616.010634,795050.0
621,56248,Le Tour-du-Parc,1,0.41692,0.41692,47846.15612,114761.0
622,56248,Surzur,108,34.88663326963592,357.02164502164504,7701727.350068,2142928.0
623,56248,Theix-Noyalo,1,0.2811644549924727,0.2811644549924727,31563.240552999996,112259.0
624,56251,Le Hézo,1,19.066463414634146,19.066463414634146,6253.8,328.0
625,56251,Theix-Noyalo,59,0.6131208539583124,1010.5661959858247,4365075.381688,2217395.0
626,56252,Le Tour-du-Parc,77,35.241,832.916870415648,5086758.60031,339828.0
627,56255,Treffléan,13,1.774354561101549,215.9228915662651,434580.53719500004,85943.0
628,56258,La Trinité-sur-Mer,36,14.604146314084776,1419.4815668202764,4327511.835998,118671.0
629,56259,La Trinité-Surzur,7,6.406289286846275,67.206,274940.84284,43464.0
630,56260,Vannes,66,33.48873245053643,660.2215447154472,23836748.821553003,394107.0
631,56262,Le Bono,43,7.854749999999999,283.8666666666667,1971149.767704,183240.0
632,56263,Sainte-Anne-d'Auray,25,57.248311,253.6075471698113,1812373.081124,92610.0
