,code_insee,nom_commun,epci,code_siren,Artif_Tot_m2,Conso_Tot_m2,Conso_bati_agric_m2,Conso_InduComTerti_m2,Part_Conso_bati_agric,Part_Conso_2011-2021
141,22370,Tréméven,Leff Armor Communauté,200069086,1013694.430581356,164199.37792896654,0.0,4845.148622409234,0.0,16.2
404,35284,Saint-Jouan-des-Guérets,Saint-Malo Agglomération,243500782,3119761.6134579945,383965.01817969687,29807.039858979937,11086.427248917491,7.8,12.3
472,56126,Marzan,Communauté de communes Arc Sud Bretagne,200027027,5117754.279010132,542846.2823503703,26042.30194329216,19770.734305089663,4.8,10.6
386,35179,Miniac-Morvan,Saint-Malo Agglomération,243500782,5914138.35735587,615542.2584854807,116718.04523149805,24116.30650295448,19.0,10.4
403,35279,Saint-Guinoux,Saint-Malo Agglomération,243500782,1202674.601993801,117710.67762839844,3292.405749418558,13547.682149809118,2.8,9.8
338,29260,Saint-Renan,Pays d'Iroise Communauté,242900074,5349336.145777269,513379.51184023486,19402.580193986076,27061.73735750917,3.8,9.6
514,56259,La Trinité-Surzur,Golfe du Morbihan - Vannes agglomération,200067932,1066764.5447207484,101362.24460213205,30045.43060981235,0.0,29.6,9.5
402,35270,Saint-Georges-de-Gréhaigne,Communauté de communes du pays de Dol et de la Baie du Mont St Michel,200070670,1233833.8084418406,114403.54105412167,24571.543814990415,5959.904341071902,21.5,9.3
383,35122,La Gouesnière,Saint-Malo Agglomération,243500782,1805159.7445711528,165085.02046093182,20224.877130557525,6542.099005944165,12.3,9.1
395,35246,Roz-Landrieux,Communauté de communes du pays de Dol et de la Baie du Mont St Michel,200070670,2483060.344396594,220234.68396940597,47403.7612752087,8758.889364948,21.5,8.9
397,35248,Sains,Communauté de communes du pays de Dol et de la Baie du Mont St Michel,200070670,1406200.999729043,124564.28145758636,0.0,12968.558809104426,0.0,8.9
427,56018,Billiers,Communauté de communes Arc Sud Bretagne,200027027,1165342.3249676481,102574.48309071407,0.0,3355.0344359958763,0.0,8.8
497,56193,Riantec,Lorient Agglomération,200042174,4328202.276030444,381759.35979209514,17546.913515970573,16098.544048630627,4.6,8.8
258,29161,Pleuven,Communauté de communes du Pays Fouesnantais,242900660,3422355.0644079316,298202.3200450381,14258.134988791908,4812.084208621571,4.8,8.7
486,56167,Plougoumelen,Golfe du Morbihan - Vannes agglomération,200067932,3265108.1927690045,280034.68370509177,65217.48772001826,5780.987193609031,23.3,8.6
45,22121,Lanvollon,Leff Armor Communauté,200069086,2000676.6465370448,172615.60599864382,29737.127087413373,10291.243779299035,17.2,8.6
134,22360,Trégueux,Saint-Brieuc Armor Agglomération,200069409,7407780.007431092,640059.896070049,96212.16300870839,1329.0649429498617,15.0,8.6
142,22372,Trémuson,Saint-Brieuc Armor Agglomération,200069409,2208145.758177979,189360.63427220783,36041.536947960514,1679.0153078401963,19.0,8.6
275,29181,Plouédern,Communauté d'agglomération du Pays de Landerneau-Daoulas,242900801,4683756.603462178,398812.44723401696,209395.37464646532,11838.70255641154,52.5,8.5
204,29076,Milizac-Guipronvel,Pays d'Iroise Communauté,242900074,6263261.7607363975,529251.7919059249,53611.37412851894,81869.31748195681,10.1,8.5
225,29105,Landivisiau,Communauté de communes du Pays de Landivisiau,242900751,7850222.61952907,662036.7205289316,266888.9928532172,11528.089776976603,40.3,8.4
203,29075,Guipavas,Brest Métropole,242900314,16836669.964816593,1400967.0806021306,271945.92699165206,42698.54392503602,19.4,8.3
426,56015,Berric,Questembert Communauté,245614383,2501556.332350273,207698.2305656685,4784.340455169403,12358.2754528538,2.3,8.3
439,56053,Elven,Golfe du Morbihan - Vannes agglomération,200067932,7158863.8101232955,584700.9184380205,73665.35299469865,11731.629710918776,12.6,8.2
273,29179,Ploudaniel,Communauté Lesneven Côte des Légendes,242900793,6642544.897254704,542678.4974462172,46558.46299111135,67415.72177368063,8.6,8.2
108,22273,Saint-Alban,Lamballe Terre et Mer,200069391,3889369.3528236994,311489.36882934865,33044.18173551178,13835.138814166492,10.6,8.0
517,56263,Sainte-Anne-d'Auray,Auray Quiberon Terre Atlantique,200043123,1911306.0408058048,148776.97457831466,0.0,724.5164133501315,0.0,7.8
393,35228,Pleurtuit,Communauté de communes de la Côte d'Emeraude,243500725,8834872.728498334,693472.9815179575,176404.63385321636,9628.428446872951,25.4,7.8
43,22118,Lanvallay,Dinan Agglomération,200068989,3740806.0069408948,291484.3085702782,16661.27410424897,8924.710654341334,5.7,7.8
185,29051,Ergué-Gabéric,Quimper Bretagne Occidentale,200068120,9165577.843474068,693091.9062150922,98582.95023523217,5085.55751957291,14.2,7.6
143,22375,Tressignaux,Leff Armor Communauté,200069086,1441494.072237682,107500.53130382476,1055.1183969788935,8432.481908935286,1.0,7.5
420,56004,Arzal,Communauté de communes Arc Sud Bretagne,200027027,3394527.8419242627,253774.4848964458,6543.966193443689,12710.710546942679,2.6,7.5
348,29276,Sibiril,Haut-Léon Communauté,200067072,1907695.1736383315,143701.3015815776,0.0,127973.73987920998,0.0,7.5
516,56262,Le Bono,Golfe du Morbihan - Vannes agglomération,200067932,1878145.6549578307,140759.11343828932,8472.143046486157,16844.90728947282,6.0,7.5
455,56090,Inzinzac-Lochrist,Lorient Agglomération,200042174,6212668.983046252,466021.7857086809,3852.316950847423,12136.167672504494,0.8,7.5
408,35299,Saint-Méloir-des-Ondes,Saint-Malo Agglomération,243500782,5522731.699660396,411014.07984634774,33602.0099910156,72524.14593778513,8.2,7.4
343,29268,Saint-Thonan,Communauté d'agglomération du Pays de Landerneau-Daoulas,242900801,1955924.3941326677,144242.29171336134,43850.08412321213,12441.991252654496,30.4,7.4
54,22171,Plaintel,Saint-Brieuc Armor Agglomération,200069409,6589528.407014484,490263.02580399957,77046.8811899333,14222.316689076293,15.7,7.4
75,22209,Beaussais-sur-Mer,Dinan Agglomération,200068989,5343392.861251654,391266.9671545183,4096.568510675024,16910.792767316067,1.0,7.3
372,35010,Baguer-Pican,Communauté de communes du pays de Dol et de la Baie du Mont St Michel,200070670,3022168.862659735,219828.15265719395,35492.19211319499,30979.46454878393,16.1,7.3
512,56255,Treffléan,Golfe du Morbihan - Vannes agglomération,200067932,2570432.702518516,188136.41795644007,5766.750213116784,1160.4213650296917,3.1,7.3
483,56161,Ploemel,Auray Quiberon Terre Atlantique,200043123,4667566.539230096,335763.2846754953,0.0,6355.711560350611,0.0,7.2
447,56077,Le Guerno,Communauté de communes Arc Sud Bretagne,200027027,1846379.3216493558,132619.31987851768,651.4910107954972,6840.590982408892,0.5,7.2
171,29030,Cléder,Haut-Léon Communauté,200067072,6703463.73568087,478318.2235665418,7346.289811572933,253693.28883277922,1.5,7.1
474,56132,Meucon,Golfe du Morbihan - Vannes agglomération,200067932,1400047.243592611,99734.00270525097,1731.375135359936,0.0,1.7,7.1
463,56109,Lauzach,Questembert Communauté,245614383,1653837.6299746912,114695.32509305955,2242.770702778911,8459.508371044249,2.0,6.9
138,22364,Trélivan,Dinan Agglomération,200068989,2887285.8271783204,195680.0739157869,2788.5122913639357,1736.203494525952,1.4,6.8
445,56067,Grand-Champ,Golfe du Morbihan - Vannes agglomération,200067932,10347988.960267114,699810.6785750815,38328.870966010065,21437.634386528596,5.5,6.8
157,29005,Baye,Quimperlé communauté,242900694,1448280.9255750226,96710.34736472864,0.0,6711.437147255847,0.0,6.7
260,29165,Plobannalec-Lesconil,Communauté de communes du Pays Bigouden Sud,242900702,5641816.00819057,376985.56299195165,0.0,7833.028083200183,0.0,6.7
125,22327,Saint-Samson-sur-Rance,Dinan Agglomération,200068989,1718955.5553276725,115170.43551645715,2049.857783833152,0.0,1.8,6.7
35,22106,Langueux,Saint-Brieuc Armor Agglomération,200069409,4972333.204877673,331923.0620921092,3766.0950045894556,146.08573063638505,1.1,6.7
278,29184,Plouénan,Haut-Léon Communauté,200067072,4109732.7795148273,269354.6816774418,14700.891463134225,147832.80915342338,5.5,6.6
380,35095,Dol-de-Bretagne,Communauté de communes du pays de Dol et de la Baie du Mont St Michel,200070670,4817483.411056144,311429.2520478455,68906.76395814882,3573.16499969341,22.1,6.5
81,22215,Ploufragan,Saint-Brieuc Armor Agglomération,200069409,10233686.732738363,665479.7569205908,13441.505484485524,6364.856261849575,2.0,6.5
196,29065,Gourlizon,Communauté de communes du Haut Pays Bigouden,242900710,1321144.3374493031,84967.35820194213,7241.502035134306,5352.432501495406,8.5,6.4
466,56115,Locmaria-Grand-Champ,Golfe du Morbihan - Vannes agglomération,200067932,4592477.747511792,294142.5908518219,16849.942915884483,0.0,5.7,6.4
176,29039,Concarneau,Concarneau Cornouaille Agglomération,242900769,14551923.607598709,937997.0004632698,97857.1721582929,9608.46866639787,10.4,6.4
482,56158,Plescop,Golfe du Morbihan - Vannes agglomération,200067932,4127759.785778207,263410.7575438732,13606.871184628719,10981.232621563999,5.2,6.4
254,29156,Pencran,Communauté d'agglomération du Pays de Landerneau-Daoulas,242900801,2217211.7897926345,141114.66978807005,0.0,1146.1660534472257,0.0,6.4
27,22090,Kermaria-Sulard,Lannion Trégor Communauté,200065928,1582733.3512461188,101603.44044702551,0.0,17890.31411300005,0.0,6.4
341,29265,Sainte-Sève,Morlaix Communauté,242900835,1571620.301443616,100310.4649921993,27932.95872661747,1922.7413434937766,27.8,6.4
152,22390,Yvias,Guingamp-Paimpol Agglomération,200067981,1724848.5734506843,108748.43574525478,496.8650774521808,8493.36180090369,0.5,6.3
485,56164,Ploeren,Golfe du Morbihan - Vannes agglomération,200067932,5004092.558869576,317096.22040117095,6564.066346146626,17898.223657086746,2.1,6.3
339,29263,Saint-Ségal,Communauté de communes de Pleyben-Châteaulin-Porzay,200067247,2021745.3959387096,124412.98149711323,0.0,3963.1174744244363,0.0,6.2
491,56177,Pluvigner,Auray Quiberon Terre Atlantique,200043123,9826446.30156606,606582.3852256509,21384.922593740186,31753.518253522478,3.5,6.2
144,22377,Tréveneuc,Saint-Brieuc Armor Agglomération,200069409,1455319.1404077478,89509.85106789717,74.59547975476636,3497.9994533976333,0.1,6.2
376,35049,Cancale,Saint-Malo Agglomération,243500782,5175020.124958814,319620.1637669285,6989.214736645878,4876.668998467397,2.2,6.2
7,22028,Camlez,Lannion Trégor Communauté,200065928,1707457.9392193714,103917.31759480042,0.0,80903.47042923723,0.0,6.1
337,29259,Saint-Pol-de-Léon,Haut-Léon Communauté,200067072,6882284.377564793,421833.88290504966,205007.872014281,42086.74022799288,48.6,6.1
95,22245,Pluzunet,Lannion Trégor Communauté,200065928,2470642.351745734,150380.41965475312,6803.696914445001,27244.240040048124,4.5,6.1
457,56096,Landaul,Auray Quiberon Terre Atlantique,200043123,3439899.0213130326,205298.98874442847,45820.83881594889,4653.910680628319,22.3,6.0
199,29069,Guilers,Brest Métropole,242900314,5733283.668756717,342645.0067410606,12915.689646386767,42644.2123963511,3.8,6.0
405,35287,Saint-Lunaire,Communauté de communes de la Côte d'Emeraude,243500725,4142653.889161738,244132.1802568743,1736.839643485344,17438.662299402597,0.7,5.9
431,56029,Calan,Lorient Agglomération,200042174,1427205.6527756366,83268.60834143426,0.0,3358.1562667018156,0.0,5.8
286,29192,Plougoulm,Haut-Léon Communauté,200067072,2676550.5339616747,154959.2023920267,0.0,94155.26212964243,0.0,5.8
193,29061,Gouesnou,Brest Métropole,242900314,5197023.419180441,302606.86779131944,19127.990754926956,26661.113208040217,6.3,5.8
64,22188,Plerneuf,Leff Armor Communauté,200069086,1431188.4009725647,82412.59843309935,18352.345498949544,1663.2855032878886,22.3,5.8
265,29170,Plomelin,Quimper Bretagne Occidentale,200068120,6035445.898219566,343741.52909305296,4064.420948136055,13031.000154205549,1.2,5.7
494,56184,Questembert,Questembert Communauté,245614383,10245526.744589465,580662.706651916,61850.772943465,25078.963988505377,10.7,5.7
249,29147,Mellac,Quimperlé communauté,242900694,4019314.550581672,228538.27992209632,9527.213041832554,4554.178863318104,4.2,5.7
401,35263,Saint-Coulomb,Saint-Malo Agglomération,243500782,3844101.1965821097,219219.5173952726,0.0,10048.774750316206,0.0,5.7
456,56094,Kervignac,Communauté de communes de Blavet Bellevue Océan,245600440,7854034.7010757085,439093.87670678156,50054.69011474442,9405.925796498763,11.4,5.6
442,56058,Férel,CA de la Presqu'île de Guérande Atlantique (Cap Atlantique),244400610,4957563.476607852,276473.6296992031,2163.8410150329764,6413.209354106585,0.8,5.6
382,35116,La Fresnais,Saint-Malo Agglomération,243500782,2707338.7492475235,147682.3940418806,9296.614020830573,5323.702263639352,6.3,5.5
508,56247,Sulniac,Golfe du Morbihan - Vannes agglomération,200067932,3969655.1061149053,219869.19758766246,1003.35958307615,33523.13001612881,0.5,5.5
140,22368,Tréméreuc,Communauté de communes de la Côte d'Emeraude,243500725,954646.752093192,52606.775252263804,23295.270616030175,6270.608724316063,44.3,5.5
9,22034,Cavan,Lannion Trégor Communauté,200065928,2889049.2265960984,156765.64473719939,9212.228727101543,25383.288849020042,5.9,5.4
96,22246,Pommeret,Lamballe Terre et Mer,200069391,2617658.472561138,142510.00737229796,36622.03528755704,13645.623042862026,25.7,5.4
106,22268,Ruca,Dinan Agglomération,200068989,1517230.0541782414,82506.57417020336,0.0,26742.61635736846,0.0,5.4
232,29117,Lannilis,Communauté de communes du Pays des Abers,242900553,5422874.41566302,287362.5077275493,8241.572361367245,6444.158231479474,2.9,5.3
0,22002,Andel,Lamballe Terre et Mer,200069391,1596413.843057643,83916.31218707288,0.0,28754.34341651912,0.0,5.3
385,35153,Lillemer,Saint-Malo Agglomération,243500782,351437.7239360416,18669.48080816051,0.0,462.5751506571274,0.0,5.3
409,35306,Saint-Père,Saint-Malo Agglomération,243500782,3201465.056096047,168216.9864679274,6407.431425182589,14889.610572688121,3.8,5.3
430,56023,Brech,Auray Quiberon Terre Atlantique,200043123,7571966.138272337,401910.15644067305,8128.497874894349,8943.294750471616,2.0,5.3
490,56176,Pluneret,Auray Quiberon Terre Atlantique,200043123,5522021.625232744,293976.1067683009,527.570422542827,11567.392620496348,0.2,5.3
492,56179,Pont-Scorff,Lorient Agglomération,200042174,3949396.909715207,208795.58958024223,0.0,14718.459299232702,0.0,5.3
458,56097,Landévant,Auray Quiberon Terre Atlantique,200043123,4004964.5709431707,208923.19353903682,3711.9293423917225,0.0,1.8,5.2
304,29216,Pluguffan,Quimper Bretagne Occidentale,200068120,7456206.16729338,387494.4956601695,53922.74242438557,7830.441718724645,13.9,5.2
22,22077,Hénansal,Lamballe Terre et Mer,200069391,3089141.394501584,161945.51272708192,3995.5883650359956,25387.417099536597,2.5,5.2
33,22103,Langrolay-sur-Rance,Dinan Agglomération,200068989,886378.4514475502,45923.03048332175,0.0,580.1221894356526,0.0,5.2
333,29254,Saint-Martin-des-Champs,Morlaix Communauté,242900835,5372601.371152557,281369.94998776447,64998.03097499432,8464.261498148655,23.1,5.2
65,22190,Pleslin-Trigavou,Dinan Agglomération,200068989,4233286.146833313,218949.31874420188,13198.829669317409,17249.01368726563,6.0,5.2
320,29237,La Roche-Maurice,Communauté d'agglomération du Pays de Landerneau-Daoulas,242900801,2375776.543494172,124142.31842727866,0.0,83354.20876473431,0.0,5.2
301,29213,Plouzévédé,Communauté de communes du Pays de Landivisiau,242900751,2822665.3677556,147710.91636052204,12041.283726327129,21714.031332744275,8.2,5.2
307,29220,Pont-l'Abbé,Communauté de communes du Pays Bigouden Sud,242900702,6918269.870558566,359126.15472871554,33655.91148706818,15965.54087386242,9.4,5.2
42,22117,Lantic,Saint-Brieuc Armor Agglomération,200069409,2956878.6601746683,151670.44203449733,0.0,6032.731605628553,0.0,5.1
268,29173,Plonéis,Quimper Bretagne Occidentale,200068120,3102713.4694120972,158105.51413731166,3603.7898319191354,6735.283750390441,2.3,5.1
329,29247,Saint-Évarzec,Communauté de communes du Pays Fouesnantais,242900660,5357083.398581082,270537.41168664355,17098.484970666737,15162.045122586282,6.3,5.1
230,29113,Lanmeur,Morlaix Communauté,242900835,3478977.8446953855,178787.97367090965,6093.641779141939,24666.16599393049,3.4,5.1
327,29245,Saint-Divy,Communauté d'agglomération du Pays de Landerneau-Daoulas,242900801,1696875.7929748064,85697.07580976539,6534.337322223443,3906.1099946591225,7.6,5.1
1,22003,Aucaleuc,Dinan Agglomération,200068989,1567434.9297435833,80473.72499577906,47.428350910784395,506.711421014288,0.1,5.1
216,29093,Kernilis,Communauté Lesneven Côte des Légendes,242900793,1658598.0807318653,83059.30999080872,1441.3229645267338,14348.384268180993,1.7,5.0
177,29040,Le Conquet,Pays d'Iroise Communauté,242900074,2780697.9997755205,140301.11775745364,860.8899513955645,7260.159163081969,0.6,5.0
12,22044,Coëtmieux,Lamballe Terre et Mer,200069391,1978567.1936537845,98393.63182437944,0.0,1093.2668978938323,0.0,5.0
110,22280,Saint-Carné,Dinan Agglomération,200068989,1335125.0476544604,66654.20294662414,0.0,2515.7333764980203,0.0,5.0
296,29207,Plourin-lès-Morlaix,Morlaix Communauté,242900835,5434847.898886195,269152.0416572096,6497.283989180064,36381.67678991596,2.4,5.0
330,29248,Saint-Frégant,Communauté Lesneven Côte des Légendes,242900793,1333205.8803271924,67101.41327642134,753.6045736208314,5613.0385875496795,1.1,5.0
187,29055,Le Folgoët,Communauté Lesneven Côte des Légendes,242900793,2499407.432546498,123333.44531690548,7452.457051929264,200.12772949416978,6.0,4.9
394,35241,La Richardais,Communauté de communes de la Côte d'Emeraude,243500725,2142279.1331670927,105687.75131983955,19072.75571738474,0.0,18.0,4.9
511,56252,Le Tour-du-Parc,Golfe du Morbihan - Vannes agglomération,200067932,2398318.979987778,117245.61429904289,1281.3093984738714,0.0,1.1,4.9
450,56084,Le Hézo,Golfe du Morbihan - Vannes agglomération,200067932,1025280.6362345018,50452.259875441756,10640.522905783715,0.0,21.1,4.9
92,22237,Pluduno,Dinan Agglomération,200068989,4190647.6338854344,203270.03842586777,33144.56436104992,18011.12124700309,16.3,4.9
47,22134,Louannec,Lannion Trégor Communauté,200065928,3309475.6633238234,161922.42825258916,0.0,17450.742777968684,0.0,4.9
501,56220,Sainte-Hélène,Communauté de communes de Blavet Bellevue Océan,245600440,1702026.493934061,81149.82100195703,0.0,9479.134571396022,0.0,4.8
137,22363,Trélévern,Lannion Trégor Communauté,200065928,1935394.8250718333,93174.40465888505,237.24553111882932,13397.462547292222,0.3,4.8
448,56078,Guidel,Lorient Agglomération,200042174,12027392.720531555,578270.8965223915,20157.222547832305,17598.878503367425,3.5,4.8
192,29060,Gouesnach,Communauté de communes du Pays Fouesnantais,242900660,3749616.4049814832,178872.06508131156,0.0,1583.2835396956727,0.0,4.8
269,29174,Plonéour-Lanvern,Communauté de communes du Haut Pays Bigouden,242900710,8522397.610323148,405246.9584506495,44955.662334554094,24008.925737546826,11.1,4.8
256,29159,Peumerit,Communauté de communes du Haut Pays Bigouden,242900710,2248022.565047949,108169.52663687285,931.9317333402489,3791.1582846133356,0.9,4.8
240,29134,Locronan,Quimper Bretagne Occidentale,200068120,1653731.1366257863,79707.67662966835,8100.025148236299,409.9679600875479,10.2,4.8
29,22094,Lancieux,Communauté de communes de la Côte d'Emeraude,243500725,2922781.463681449,140591.10993357404,0.0,2086.7862982815723,0.0,4.8
26,22086,Kerfot,Guingamp-Paimpol Agglomération,200067981,1202242.2379446924,57841.08779819889,3730.5614911832504,10444.145804068692,6.4,4.8
440,56054,Erdeven,Auray Quiberon Terre Atlantique,200043123,5641099.203248516,265691.3115567545,598.8559158287386,9044.332054822815,0.2,4.7
13,22048,Corseul,Dinan Agglomération,200068989,5241362.834059886,245549.35198528026,1486.6947216617627,29379.329750249344,0.6,4.7
188,29056,La Forest-Landerneau,Communauté d'agglomération du Pays de Landerneau-Daoulas,242900801,2007740.4981903906,94804.67854220424,0.0,2644.616754408897,0.0,4.7
227,29109,Landunvez,Pays d'Iroise Communauté,242900074,3512769.4629705567,166532.34631749603,3913.3832936973563,59022.76537084996,2.3,4.7
158,29006,Bénodet,Communauté de communes du Pays Fouesnantais,242900660,5221366.417326567,246445.29780512128,1071.2020362389924,271.23727809797566,0.4,4.7
290,29197,Plouhinec,Communauté de communes Cap Sizun - Pointe du Raz,242900629,6603330.063305551,310951.6122606156,36030.17658019864,5095.6656804935255,11.6,4.7
151,22389,Yffiniac,Saint-Brieuc Armor Agglomération,200069409,5538084.990779162,261378.64497876583,34917.78613448327,577.7039871110919,13.4,4.7
179,29043,Daoulas,Communauté d'agglomération du Pays de Landerneau-Daoulas,242900801,1720608.8007313348,79432.39525892473,3311.589209276934,2908.0620317231205,4.2,4.6
244,29140,Loperhet,Communauté d'agglomération du Pays de Landerneau-Daoulas,242900801,5010119.8623785935,231384.49802077637,5038.940036348129,101791.34177539818,2.2,4.6
363,29296,Tréméoc,Communauté de communes du Pays Bigouden Sud,242900702,1894644.4961466265,86416.70138548203,0.0,3057.953110703289,0.0,4.6
499,56206,Saint-Avé,Golfe du Morbihan - Vannes agglomération,200067932,7824187.868102044,360496.0726443261,36482.64140379466,1884.0749345430831,10.1,4.6
80,22214,Plouézec,Guingamp-Paimpol Agglomération,200067981,6396960.660871908,291788.2602738095,0.0,9490.83504643458,0.0,4.6
299,29210,Plouvorn,Communauté de communes du Pays de Landivisiau,242900751,4750810.661604503,218460.9523366381,25146.166423135637,66295.02636156409,11.5,4.6
279,29185,Plouescat,Haut-Léon Communauté,200067072,4449218.71824992,206010.10272476077,6694.712804278152,84428.2357023065,3.2,4.6
287,29193,Plougourvest,Communauté de communes du Pays de Landivisiau,242900751,2045584.9963537508,91841.51902906374,0.0,8256.976731470304,0.0,4.5
31,22098,Landéhen,Lamballe Terre et Mer,200069391,1900897.2872614192,84823.73323247806,1095.7675167152454,15080.869191770564,1.3,4.5
454,56088,Île-d'Arz,Golfe du Morbihan - Vannes agglomération,200067932,963007.9018695432,43235.45756970477,0.0,762.6490810778471,0.0,4.5
356,29288,Trégarantec,Communauté Lesneven Côte des Légendes,242900793,737997.2212943236,33039.856741904376,0.0,12035.603663258125,0.0,4.5
479,56152,Le Palais,Communauté de communes de Belle Ile en Mer,245600465,4516882.119760381,203677.0344740216,6622.113854479832,6275.356208742239,3.3,4.5
477,56148,Nostang,Communauté de communes de Blavet Bellevue Océan,245600440,2164813.6670441427,94618.81203479534,0.0,5998.654525037195,0.0,4.4
334,29255,Saint-Méen,Communauté Lesneven Côte des Légendes,242900793,1145466.0692558894,50448.910574276124,0.0,14410.82204999697,0.0,4.4
423,56008,Baden,Golfe du Morbihan - Vannes agglomération,200067932,7004330.294685454,308114.5553734476,18969.06594870556,4517.719708836128,6.2,4.4
59,22178,Pléhédel,Guingamp-Paimpol Agglomération,200067981,2933271.4455329166,129638.07843161502,0.0,54456.80246559842,0.0,4.4
509,56248,Surzur,Golfe du Morbihan - Vannes agglomération,200067932,6018582.3666931875,262525.4712180533,4230.139585487023,31031.924395836566,1.6,4.4
172,29031,Clohars-Carnoët,Quimperlé communauté,242900694,7368092.852933578,317248.42901268584,3731.5441529572336,2615.343379347056,1.2,4.3
358,29290,Tréglonou,Communauté de communes du Pays des Abers,242900553,748765.2675905885,32201.439031200942,0.0,0.0,0.0,4.3
392,35226,Pleugueneuc,Communauté de communes Bretagne Romantique,243500733,3060038.6853369605,131837.40316786157,39118.94460196352,7946.029120927857,29.7,4.3
435,56036,Caudan,Lorient Agglomération,200042174,10002252.097844051,428176.4947701347,8107.454160597967,17476.979090015146,1.9,4.3
314,29229,Quéménéven,Quimper Bretagne Occidentale,200068120,2443933.0477152457,105257.530192439,0.0,24908.812277952573,0.0,4.3
347,29273,Santec,Haut-Léon Communauté,200067072,2578678.487529714,111324.31802562556,0.0,1177.4165150029044,0.0,4.3
173,29032,Clohars-Fouesnant,Communauté de communes du Pays Fouesnantais,242900660,3562106.8170456537,154293.31463239258,196.8295738241632,0.0,0.1,4.3
218,29095,Kersaint-Plabennec,Communauté de communes du Pays des Abers,242900553,1829894.7610130273,78250.44220226415,0.0,16657.598109328184,0.0,4.3
505,56240,Sarzeau,Golfe du Morbihan - Vannes agglomération,200067932,16731510.563642247,722992.2671480934,21044.478183759362,22486.074159000185,2.9,4.3
4,22014,Bourseul,Dinan Agglomération,200068989,2640383.344767526,113980.72874887097,2044.1704118150392,25737.424109646756,1.8,4.3
283,29189,Plougastel-Daoulas,Brest Métropole,242900314,12813692.348384328,549134.6220440962,20796.96603631604,238542.42487778945,3.8,4.3
24,22081,Hillion,Saint-Brieuc Armor Agglomération,200069409,5376548.360086932,229400.09354303565,0.0,32720.463456541933,0.0,4.3
28,22093,Lamballe-Armor,Lamballe Terre et Mer,200069391,23051281.23224051,973546.1083003463,188235.8100676997,88176.42549611579,19.3,4.2
349,29279,Taulé,Morlaix Communauté,242900835,4787958.436122934,200084.88224708103,7344.714436298865,78763.35659059492,3.7,4.2
480,56153,Péaule,Communauté de communes Arc Sud Bretagne,200027027,5084718.181345967,214837.162977183,3969.9119593330643,27222.045123550783,1.8,4.2
19,22057,Le Faouët,Leff Armor Communauté,200069086,849050.3222094964,36026.088249634275,0.0,2466.378827029601,0.0,4.2
353,29285,Tréflaouénan,Haut-Léon Communauté,200067072,1032543.4550975888,43623.53621166378,0.0,35455.26268950871,0.0,4.2
8,22030,Caouënnec-Lanvézéac,Lannion Trégor Communauté,200065928,1280516.3524099658,53352.796615523686,0.0,6612.555470407807,0.0,4.2
476,56143,Muzillac,Communauté de communes Arc Sud Bretagne,200027027,5874992.493621646,238394.70601749737,8153.617999615915,24211.845163501937,3.4,4.1
346,29272,Saint-Yvi,Concarneau Cornouaille Agglomération,242900769,4061580.2019550046,165075.4320411287,1558.559374111654,9247.966063801892,0.9,4.1
169,29026,Châteaulin,Communauté de communes de Pleyben-Châteaulin-Porzay,200067247,5163977.59723528,210726.958671805,57983.52427421998,5218.824036221891,27.5,4.1
149,22385,La Vicomté-sur-Rance,Dinan Agglomération,200068989,1059701.0515775944,43379.42376082476,0.0,4218.953319912757,0.0,4.1
78,22212,Plouëc-du-Trieux,Guingamp-Paimpol Agglomération,200067981,2680803.7258994677,110067.12654335967,0.0,5966.565855854864,0.0,4.1
246,29144,La Martyre,Communauté d'agglomération du Pays de Landerneau-Daoulas,242900801,2243039.7088789935,92009.8532534734,2433.4448922568863,32816.1882710512,2.6,4.1
277,29183,Plouégat-Moysan,Morlaix Communauté,242900835,1896427.1703529796,77132.81323524538,0.0,9807.27945641759,0.0,4.1
257,29160,Plabennec,Communauté de communes du Pays des Abers,242900553,8287582.848456298,343336.98255896504,19498.03360329433,44348.97401850959,5.7,4.1
315,29232,Quimper,Quimper Bretagne Occidentale,200068120,35141521.71053084,1420840.6208859899,169661.09028984475,37812.126076375025,11.9,4.0
302,29214,Plovan,Communauté de communes du Haut Pays Bigouden,242900710,2101711.7097798805,84505.81598878297,2138.898253097773,5769.079404130272,2.5,4.0
146,22379,Trévou-Tréguignec,Lannion Trégor Communauté,200065928,2255989.667577786,90656.70140785353,2954.143928360459,10853.886240837428,3.3,4.0
63,22187,Plérin,Saint-Brieuc Armor Agglomération,200069409,10939134.159607861,441508.4841402578,14824.627382056087,18412.940223877093,3.4,4.0
197,29066,Guengat,Quimper Bretagne Occidentale,200068120,2958083.8247924545,118781.03643799137,1726.3955021715474,9240.504642240632,1.5,4.0
469,56119,Locoal-Mendon,Auray Quiberon Terre Atlantique,200043123,5386978.341652921,214366.25724827687,600.9148323266014,15472.509762792713,0.3,4.0
200,29070,Guiler-sur-Goyen,Communauté de communes du Haut Pays Bigouden,242900710,898608.5433297341,35755.12617254368,0.0,2754.2223998177274,0.0,4.0
226,29108,Landudec,Communauté de communes du Haut Pays Bigouden,242900710,2253928.555545532,89628.18825517081,918.1643845504932,5801.941112101698,1.0,4.0
425,56013,Belz,Auray Quiberon Terre Atlantique,200043123,4100360.8684056182,164366.10600587606,0.0,1374.073383767915,0.0,4.0
222,29101,Landéda,Communauté de communes du Pays des Abers,242900553,4500611.151799612,177722.79409910296,2442.159307071281,2347.297014428713,1.4,3.9
248,29146,Melgven,Concarneau Cornouaille Agglomération,242900769,5994759.81741638,236413.17963707825,9223.504336666447,19699.379477355542,3.9,3.9
235,29124,Lesneven,Communauté Lesneven Côte des Légendes,242900793,4511217.368615147,177226.4648064534,6682.347994304882,1084.7088855799618,3.8,3.9
250,29148,Mespaul,Haut-Léon Communauté,200067072,1676949.367870408,64686.73803682753,9826.52933266162,30226.775899220473,15.2,3.9
325,29243,Saint-Coulitz,Communauté de communes de Pleyben-Châteaulin-Porzay,200067247,1051161.2756392437,40776.145118051776,0.0,5483.814530392482,0.0,3.9
377,35070,Châteauneuf-d'Ille-et-Vilaine,Saint-Malo Agglomération,243500782,811443.0233427163,31723.391470928065,12887.748263314807,0.0,40.6,3.9
77,22211,Ploubezre,Lannion Trégor Communauté,200065928,4909244.790399881,190685.55663313938,2388.0203122510347,21134.344741625893,1.3,3.9
21,22076,Hénanbihen,Lamballe Terre et Mer,200069391,3459701.6907408554,135437.0969511443,206.1359105571704,49000.46596418514,0.2,3.9
478,56149,Noyal-Muzillac,Communauté de communes Arc Sud Bretagne,200027027,4617973.52483249,178067.47191136767,1776.212198644128,38628.24585500578,1.0,3.9
184,29049,Elliant,Concarneau Cornouaille Agglomération,242900769,5549396.685743091,215709.6787801423,645.8520533658879,21314.653307559536,0.3,3.9
481,56155,Pénestin,CA de la Presqu'île de Guérande Atlantique (Cap Atlantique),244400610,6294146.887361801,242545.1803515406,7878.3804933283345,5672.63125932683,3.2,3.9
415,35358,La Ville-ès-Nonais,Saint-Malo Agglomération,243500782,1087859.1468313537,42816.0658183351,4882.861046871298,3784.0164381308086,11.4,3.9
61,22182,Plélo,Leff Armor Communauté,200069086,6043140.276202841,235327.6709183161,17677.124357731816,14363.778768606226,7.5,3.9
510,56251,Theix-Noyalo,Golfe du Morbihan - Vannes agglomération,200067932,9983534.356525565,392315.96097562555,29343.587215051153,10897.014032045061,7.5,3.9
57,22176,Plédran,Saint-Brieuc Armor Agglomération,200069409,6514762.991224988,250497.26093388628,15148.3586248293,16895.880009460896,6.0,3.8
11,22042,Coatréven,Lannion Trégor Communauté,200065928,1193407.4653456348,45348.874241568454,0.0,12933.687076870876,0.0,3.8
107,22269,Runan,Guingamp-Paimpol Agglomération,200067981,671458.4662278126,25743.86319900648,8433.18706037648,2997.725664559877,32.8,3.8
94,22242,Plurien,Lamballe Terre et Mer,200069391,3392687.7917193254,127798.38162558593,11623.344620351381,13642.294060804154,9.1,3.8
390,35224,Plerguer,Saint-Malo Agglomération,243500782,3374284.217199542,129679.25197697527,3590.220287999947,11626.793270458767,2.8,3.8
345,29271,Saint-Vougay,Communauté de communes du Pays de Landivisiau,242900751,1893084.6681889698,72033.88982816295,0.0,18456.55234420764,0.0,3.8
190,29058,Fouesnant,Communauté de communes du Pays Fouesnantais,242900660,13901896.106827714,528029.2908016614,2225.703515108134,7592.690676744859,0.4,3.8
2,22008,Bobital,Dinan Agglomération,200068989,1270873.007865442,48149.20141137412,0.0,0.0,0.0,3.8
264,29169,Plogonnec,Quimper Bretagne Occidentale,200068120,5556456.417920525,210932.17915615247,0.0,27009.272901434062,0.0,3.8
89,22233,Plourivo,Guingamp-Paimpol Agglomération,200067981,4136718.608493024,156991.02903119678,0.0,17043.670494663755,0.0,3.8
502,56231,Saint-Nolff,Golfe du Morbihan - Vannes agglomération,200067932,4648743.341051502,174675.57461272698,21072.787634361863,3715.236736855207,12.1,3.8
488,56169,Plouhinec,Communauté de communes de Blavet Bellevue Océan,245600440,6494097.976566042,248518.97921990787,2114.2070866365793,21014.9387879253,0.9,3.8
418,56002,Ambon,Communauté de communes Arc Sud Bretagne,200027027,4060304.4127831487,155686.10275731876,25885.467375770902,45762.180777658185,16.6,3.8
255,29158,Penmarch,Communauté de communes du Pays Bigouden Sud,242900702,7384203.182719566,275008.3590478176,18182.402159661502,818.6757874183388,6.6,3.7
53,22168,Perros-Guirec,Lannion Trégor Communauté,200065928,7605712.338709898,279620.02313426905,6981.569513879129,22311.220783498607,2.5,3.7
76,22210,Ploubazlanec,Guingamp-Paimpol Agglomération,200067981,5206356.915149118,193089.38613975665,0.0,65836.40758135363,0.0,3.7
175,29037,Combrit,Communauté de communes du Pays Bigouden Sud,242900702,6723138.590078932,251117.37846207153,15648.262668211979,10954.24823888187,6.2,3.7
198,29068,Guiclan,Communauté de communes du Pays de Landivisiau,242900751,4856235.062182011,178451.24935439578,18439.802800393954,46909.88820479368,10.3,3.7
162,29015,Bourg-Blanc,Communauté de communes du Pays des Abers,242900553,4102585.2012049565,153025.10659169857,0.0,11729.096423590297,0.0,3.7
406,35288,Saint-Malo,Saint-Malo Agglomération,243500782,21690815.24142762,807428.6307764191,29815.92765827896,13782.018471225778,3.7,3.7
98,22251,Pordic,Saint-Brieuc Armor Agglomération,200069409,6824481.708153947,254440.01216735176,2064.009902684322,8191.574406002697,0.8,3.7
223,29103,Landerneau,Communauté d'agglomération du Pays de Landerneau-Daoulas,242900801,7762759.267454593,291036.852550027,4769.651228622851,0.0,1.6,3.7
487,56168,Plouharnel,Auray Quiberon Terre Atlantique,200043123,3840339.805635428,140080.48077621515,0.0,1517.343694487242,0.0,3.6
449,56083,Hennebont,Lorient Agglomération,200042174,8344563.053632004,300249.93879430415,20962.355281080716,4118.9995444243195,7.0,3.6
58,22177,Pléguien,Leff Armor Communauté,200069086,2277542.5063333805,82061.29886202865,0.0,13063.06110277692,0.0,3.6
355,29287,Tréflez,Haut-Léon Communauté,200067072,3123234.474489643,113674.81262322888,0.0,32711.53296998618,0.0,3.6
103,22259,Quévert,Dinan Agglomération,200068989,4423455.503764112,157187.8607918207,9518.945576523452,6829.639845726993,6.1,3.6
62,22186,Pléneuf-Val-André,Lamballe Terre et Mer,200069391,6118048.77918138,217612.0417387142,5800.051077538916,6138.145156222527,2.7,3.6
16,22054,Erquy,Lamballe Terre et Mer,200069391,7461462.065999399,269777.25493840984,0.0,17022.23361087255,0.0,3.6
102,22258,Quessoy,Lamballe Terre et Mer,200069391,5689197.250856064,206588.39086222765,3621.1887701680093,8948.47290115437,1.8,3.6
87,22227,Plounérin,Lannion Trégor Communauté,200065928,2965488.47860158,107051.5985085533,0.0,12004.847189267832,0.0,3.6
186,29053,Le Faou,Communauté de communes Presqu'île de Crozon-Aulne maritime,200066868,2233576.846408564,79625.06805014022,9146.070709509971,345.456418615017,11.5,3.6
68,22196,Pleudaniel,Lannion Trégor Communauté,200065928,2199907.1293093343,79847.67816385267,18293.32388143809,21065.762380321936,22.9,3.6
50,22152,Minihy-Tréguier,Lannion Trégor Communauté,200065928,2675690.764803718,96081.38506140995,55849.02837037818,8080.438174331978,58.1,3.6
167,29023,Carantec,Morlaix Communauté,242900835,4572243.198776292,165965.23932962335,0.0,10567.598982371623,0.0,3.6
298,29209,Plouvien,Communauté de communes du Pays des Abers,242900553,4391740.476436967,156834.9181203615,13637.625017746439,26749.948971719856,8.7,3.6
317,29234,Rédené,Quimperlé communauté,242900694,3902334.1592707187,139025.80044649515,13766.169986672392,2679.1220409966254,9.9,3.6
262,29167,Plogastel-Saint-Germain,Communauté de communes du Haut Pays Bigouden,242900710,3214512.916591207,115850.60641638226,983.8515866151076,13361.608175039031,0.8,3.6
284,29190,Plougonvelin,Pays d'Iroise Communauté,242900074,4811136.363517253,169884.20983658894,26844.500896115664,13723.903158404515,15.8,3.5
489,56175,Plumergat,Auray Quiberon Terre Atlantique,200043123,4772778.644084632,166024.55020456194,1831.5416070751035,11925.551863598015,1.1,3.5
441,56055,Étel,Auray Quiberon Terre Atlantique,200043123,1516946.811405038,53586.00627758078,0.0,3643.3847155727285,0.0,3.5
3,22012,La Bouillie,Lamballe Terre et Mer,200069391,1478868.54197862,51252.79749124645,1480.7537600721312,5907.784292530477,2.9,3.5
272,29178,Ploudalmézeau,Pays d'Iroise Communauté,242900074,6556145.393438895,227606.5658095016,21993.175710211093,9963.727798072341,9.7,3.5
300,29212,Plouzané,Brest Métropole,242900314,8192742.384103098,289711.9936055138,10685.971450499595,14738.002662221803,3.7,3.5
303,29215,Plozévet,Communauté de communes du Haut Pays Bigouden,242900710,5121886.399504037,181255.06558167087,0.0,5493.719075375646,0.0,3.5
371,35009,Baguer-Morvan,Communauté de communes du pays de Dol et de la Baie du Mont St Michel,200070670,2570119.642552427,90608.6818440543,10927.711670498367,9576.006126224183,12.1,3.5
67,22195,Pleubian,Lannion Trégor Communauté,200065928,4619684.888853735,163362.8764953998,0.0,10415.59341436218,0.0,3.5
351,29282,Trébabu,Pays d'Iroise Communauté,242900074,488476.18910022965,17146.7487086409,0.0,0.0,0.0,3.5
181,29045,Dirinon,Communauté d'agglomération du Pays de Landerneau-Daoulas,242900801,4930581.924005303,171369.33007340724,10642.703304230174,43525.95041430338,6.2,3.5
34,22105,Languenan,Dinan Agglomération,200068989,1708382.3857688496,59116.64842683,0.0,12519.499671873064,0.0,3.5
104,22264,La Roche-Jaudy,Lannion Trégor Communauté,200065928,946989.6098755281,33572.433053508255,5857.758345893949,0.0,17.4,3.5
84,22222,Plouha,Leff Armor Communauté,200069086,7447442.481208962,253798.01182641587,6947.388217827175,62396.24322577878,2.7,3.4
500,56214,Saint-Gildas-de-Rhuys,Golfe du Morbihan - Vannes agglomération,200067932,5766334.9803520925,195632.32750023296,24.398846695848498,2042.8110050090738,0.0,3.4
154,29002,Arzano,Quimperlé communauté,242900694,2454492.1296737306,83318.01796482077,0.0,14046.874784239399,0.0,3.4
387,35181,Le Minihic-sur-Rance,Communauté de communes de la Côte d'Emeraude,243500725,1462054.54502774,49609.11402690969,7273.9302233761955,806.7650211448524,14.7,3.4
266,29171,Plomeur,Communauté de communes du Pays Bigouden Sud,242900702,6235267.777599014,213388.83007706,21009.955925071597,15366.77977118319,9.8,3.4
195,29064,Goulven,Communauté Lesneven Côte des Légendes,242900793,965702.7956171896,32787.29332459362,0.0,4977.821614425365,0.0,3.4
331,29251,Saint-Jean-du-Doigt,Morlaix Communauté,242900835,1885418.613233825,64021.61870396537,0.0,7039.155900226559,0.0,3.4
319,29236,Riec-sur-Bélon,Quimperlé communauté,242900694,8784664.827372583,290045.8024834734,37376.066483516865,6182.403884894082,12.9,3.3
311,29225,Pouldreuzic,Communauté de communes du Haut Pays Bigouden,242900710,3190020.940806182,105961.21344705595,4530.828123108145,7431.7019561571315,4.3,3.3
136,22362,Tréguier,Lannion Trégor Communauté,200065928,1452370.9930765813,47784.959747449124,0.0,0.0,0.0,3.3
428,56021,Brandérion,Lorient Agglomération,200042174,1316048.576430577,43042.88245799291,463.1254850785779,354.570450117036,1.1,3.3
432,56030,Camoël,CA de la Presqu'île de Guérande Atlantique (Cap Atlantique),244400610,1822720.0437212018,60228.76638777861,0.0,4658.42032070737,0.0,3.3
132,22353,Trégastel,Lannion Trégor Communauté,200065928,3928358.4231914203,130331.15363051492,0.0,874.4345017645651,0.0,3.3
139,22366,Trémel,Lannion Trégor Communauté,200065928,1028616.6758735175,33654.485925150686,0.0,8118.994053549559,0.0,3.3
291,29198,Plouider,Communauté Lesneven Côte des Légendes,242900793,3054685.146239656,101529.45343919756,5000.206529364657,18022.26638878867,4.9,3.3
168,29025,Cast,Communauté de communes de Pleyben-Châteaulin-Porzay,200067247,4697806.903785724,155953.80902877066,0.0,4625.051253708233,0.0,3.3
384,35132,Hirel,Saint-Malo Agglomération,243500782,1875996.363193456,61075.7100248068,0.0,5627.725001467448,0.0,3.3
276,29182,Plouégat-Guérand,Morlaix Communauté,242900835,2149522.7672215444,70206.66605940789,0.0,31729.47398929764,0.0,3.3
237,29130,Locmaria-Plouzané,Pays d'Iroise Communauté,242900074,4572565.370582692,151949.23100325145,26029.1500561935,9912.125998318284,17.1,3.3
367,29300,Le Trévoux,Quimperlé communauté,242900694,2451499.392008373,81787.35886765791,0.0,10375.210802084168,0.0,3.3
336,29257,Saint-Pabu,Communauté de communes du Pays des Abers,242900553,2870737.470107985,94040.18762514678,6299.130004074039,1931.8500345745636,6.7,3.3
350,29280,Telgruc-sur-Mer,Communauté de communes Presqu'île de Crozon-Aulne maritime,200066868,4653118.455124779,154847.56295791004,0.0,12120.482239001498,0.0,3.3
294,29204,Plounéventer,Communauté de communes du Pays de Landivisiau,242900751,3220764.5844454337,106918.3711353088,0.0,7835.583054320843,0.0,3.3
207,29079,Henvic,Morlaix Communauté,242900835,1962234.2924793689,63482.15075099386,331.1064638414946,5160.0999080214815,0.5,3.2
111,22281,Saint-Carreuc,Saint-Brieuc Armor Agglomération,200069409,2165894.4321005004,68605.48924464553,0.0,3861.90225777171,0.0,3.2
88,22232,Plourhan,Saint-Brieuc Armor Agglomération,200069409,3250243.078926504,103918.78026501712,27.566761832199653,20833.23812596348,0.0,3.2
289,29196,Plouguin,Communauté de communes du Pays des Abers,242900553,2839181.305886153,92033.23744305602,29524.286795575492,11896.949564796025,32.1,3.2
396,35247,Roz-sur-Couesnon,Communauté de communes du pays de Dol et de la Baie du Mont St Michel,200070670,2711578.332389523,83670.34638698526,0.0,8944.77588741271,0.0,3.1
357,29289,Trégarvan,Communauté de communes de Pleyben-Châteaulin-Porzay,200067247,610917.1981972669,19123.920182580816,0.0,1967.3143462080116,0.0,3.1
354,29286,Tréflévénez,Communauté d'agglomération du Pays de Landerneau-Daoulas,242900801,1137817.7739872688,34754.704732555445,1975.908025832865,973.574724950385,5.7,3.1
484,56162,Ploemeur,Lorient Agglomération,200042174,16717168.410307547,514072.34874962794,6221.893568607799,13586.586342592638,1.2,3.1
465,56114,Locmaria,Communauté de communes de Belle Ile en Mer,245600465,3064028.4437619545,94319.41313975203,0.0,3274.0015338786166,0.0,3.1
259,29163,Pleyber-Christ,Morlaix Communauté,242900835,5204706.547473473,162932.21173878325,14038.436631070475,50026.46557235513,8.6,3.1
270,29176,Plonévez-Porzay,Communauté de communes de Pleyben-Châteaulin-Porzay,200067247,3448444.2224813527,107925.90167788697,21506.669711976134,15130.429650345277,19.9,3.1
51,22162,Paimpol,Guingamp-Paimpol Agglomération,200067981,8208098.106037266,257891.1103768087,13951.72397058698,53640.64944030841,5.4,3.1
274,29180,Ploudiry,Communauté d'agglomération du Pays de Landerneau-Daoulas,242900801,2538623.192074507,77968.0322482611,0.0,12469.30589392013,0.0,3.1
293,29201,Ploumoguer,Pays d'Iroise Communauté,242900074,3631466.3967361827,111203.18301173669,1100.6482620942377,17296.59755817936,1.0,3.1
280,29186,Plouezoc'h,Morlaix Communauté,242900835,2563144.7706883466,78886.05499408522,1960.053925303682,7190.678317071962,2.5,3.1
305,29217,Pont-Aven,Concarneau Cornouaille Agglomération,242900769,4739130.003581361,142688.15873160306,1722.4354960216197,11166.720742066831,1.2,3.0
362,29295,Trémaouézan,Communauté d'agglomération du Pays de Landerneau-Daoulas,242900801,727859.4856100169,21865.105504928717,0.0,517.6187662447446,0.0,3.0
241,29135,Loctudy,Communauté de communes du Pays Bigouden Sud,242900702,6269524.700207955,189764.28362971722,11769.257474622407,2721.2238612379156,6.2,3.0
368,29301,Trézilidé,Communauté de communes du Pays de Landivisiau,242900751,611717.2543915882,18386.48523225087,0.0,5218.989686985783,0.0,3.0
129,22347,Trédarzec,Lannion Trégor Communauté,200065928,1784399.4144406538,53297.07765011083,765.517104759827,21344.82851374704,1.4,3.0
433,56031,Camors,Auray Quiberon Terre Atlantique,200043123,4564274.5877069915,136567.68666982767,0.0,2211.9194506690346,0.0,3.0
155,29003,Audierne,Communauté de communes Cap Sizun - Pointe du Raz,242900629,4457267.512606376,135014.6682820856,8934.2357987264,7108.681568087256,6.6,3.0
126,22339,Taden,Dinan Agglomération,200068989,3909632.813623037,115432.46109289513,18220.28447707029,2511.054339999668,15.8,3.0
473,56130,Merlevenez,Communauté de communes de Blavet Bellevue Océan,245600440,3205651.790318163,95513.38056411331,0.0,9875.27322472908,0.0,3.0
342,29266,Saint-Thégonnec Loc-Eguiner,Morlaix Communauté,242900835,4601275.048913372,131269.91696659147,1035.1855556818155,19396.038942146115,0.8,2.9
233,29119,Lanrivoaré,Pays d'Iroise Communauté,242900074,2256798.1109067174,65238.143006911196,6194.896802567737,18507.179439016134,9.5,2.9
236,29126,Loc-Brévalaire,Communauté de communes du Pays des Abers,242900553,283414.0595834194,8331.78420421531,0.0,5447.312136514893,0.0,2.9
292,29199,Plouigneau,Morlaix Communauté,242900835,8849293.67956223,260459.524600405,25020.559811145733,37875.58244719802,9.6,2.9
515,56260,Vannes,Golfe du Morbihan - Vannes agglomération,200067932,22468575.91395855,651699.6157316649,40530.19085396197,4192.05525461783,6.2,2.9
5,22015,Bréhand,Lamballe Terre et Mer,200069391,3761112.79766023,109188.04855041316,1910.6432757449943,8933.356323552034,1.7,2.9
374,35029,Bonnemain,Communauté de communes Bretagne Romantique,243500733,2605175.3116230075,75064.72422504728,0.0,10936.129653844862,0.0,2.9
410,35308,Mesnil-Roc'h,Communauté de communes Bretagne Romantique,243500733,6098506.50438587,179619.86125967672,2386.6551807327014,5893.878909181076,1.3,2.9
147,22381,Trézény,Lannion Trégor Communauté,200065928,567853.7537409628,16330.720769691017,0.0,10549.353229119943,0.0,2.9
183,29047,Le Drennec,Communauté de communes du Pays des Abers,242900553,1651181.9228790386,48426.28768189288,0.0,5927.911494469521,0.0,2.9
310,29224,Pouldergat,Douarnenez Communauté,242900645,1959595.1511689164,57756.38505653235,0.0,15742.321682319744,0.0,2.9
41,22113,Lannion,Lannion Trégor Communauté,200065928,18205054.814208273,533784.5215563357,60502.195026727866,30196.367728357025,11.3,2.9
36,22108,Lanleff,Guingamp-Paimpol Agglomération,200067981,267337.25187724427,7768.864592656929,0.0,1026.0677286746695,0.0,2.9
49,22144,La Méaugon,Saint-Brieuc Armor Agglomération,200069409,1431658.49746333,42016.26899631596,0.0,196.44537409962825,0.0,2.9
271,29177,Plouarzel,Pays d'Iroise Communauté,242900074,5927981.306292269,171183.2818959098,8355.910653669584,12174.634178205339,4.9,2.9
288,29195,Plouguerneau,Communauté de communes du Pays des Abers,242900553,9517744.19074122,270138.5687201543,23593.37060276026,24702.364652626067,8.7,2.8
208,29080,Hôpital-Camfrout,Communauté d'agglomération du Pays de Landerneau-Daoulas,242900801,2619310.7676425944,73668.25969900464,0.0,1821.8469199757214,0.0,2.8
411,35314,Saint-Suliac,Saint-Malo Agglomération,243500782,1039854.4663449745,28918.30601710687,0.0,520.1190703094487,0.0,2.8
85,22224,Ploulec'h,Lannion Trégor Communauté,200065928,2231823.7822545785,61959.3637127404,0.0,6781.7149884294095,0.0,2.8
297,29208,Plourin,Pays d'Iroise Communauté,242900074,2228744.352840912,61568.54943868066,2057.7038413213854,23729.18840522745,3.3,2.8
263,29168,Plogoff,Communauté de communes Cap Sizun - Pointe du Raz,242900629,1962125.6969482612,55128.92277041659,0.0,126.38984481930952,0.0,2.8
17,22055,Binic-Étables-sur-Mer,Saint-Brieuc Armor Agglomération,200069409,3711777.810440977,102511.36445133985,1935.2987777456867,5178.63789615713,1.9,2.8
375,35034,La Boussac,Communauté de communes du pays de Dol et de la Baie du Mont St Michel,200070670,2677845.559814721,76188.15830582104,18603.47181516527,6346.37788556631,24.4,2.8
437,56046,Crac'h,Auray Quiberon Terre Atlantique,200043123,6181634.562960333,174205.03386708308,0.0,11433.550016070258,0.0,2.8
161,29011,Bohars,Brest Métropole,242900314,2544596.7495052484,71087.55686098406,1463.0936575586265,1823.975890339369,2.1,2.8
239,29133,Locquirec,Morlaix Communauté,242900835,2830279.63245738,76930.76538719084,0.0,1873.2195447284962,0.0,2.7
312,29226,Poullan-sur-Mer,Douarnenez Communauté,242900645,2927327.1117483806,78804.05900230007,5838.770478212527,12054.352955219243,7.4,2.7
182,29046,Douarnenez,Douarnenez Communauté,242900645,8294851.091152376,220071.3109687815,6708.306106725557,3108.7420880834034,3.0,2.7
39,22111,Lanmodez,Lannion Trégor Communauté,200065928,976340.3119247871,26206.58657188201,4743.339097157141,1524.2246804610731,18.1,2.7
170,29028,Cléden-Cap-Sizun,Communauté de communes Cap Sizun - Pointe du Raz,242900629,2433995.0322151827,66900.1040313664,0.0,3392.6223328742717,0.0,2.7
429,56022,Brandivy,Golfe du Morbihan - Vannes agglomération,200067932,2141829.8347470933,58565.81195616403,0.0,5621.066863526966,0.0,2.7
115,22287,Saint-Donan,Saint-Brieuc Armor Agglomération,200069409,2464035.0106092524,66372.33215324346,0.0,8365.438976177846,0.0,2.7
6,22026,Calorguen,Dinan Agglomération,200068989,907728.6594329273,23194.81608468225,0.0,2392.4224854733766,0.0,2.6
46,22127,Lézardrieux,Lannion Trégor Communauté,200065928,2550843.831429936,66662.2710992714,511.96767280691154,26613.425487957975,0.8,2.6
332,29252,Saint-Jean-Trolimon,Communauté de communes du Pays Bigouden Sud,242900702,2039522.3499505038,52666.28632590046,0.0,7999.4709530665195,0.0,2.6
253,29153,Névez,Concarneau Cornouaille Agglomération,242900769,6709619.673124249,172426.49606697913,0.0,5140.518601879787,0.0,2.6
202,29073,Guimaëc,Morlaix Communauté,242900835,2269315.580031898,58336.840285370316,1482.5644434534918,15576.385819586638,2.5,2.6
229,29112,Lanildut,Pays d'Iroise Communauté,242900074,1598503.2894635077,42082.88253082813,0.0,659.6002967329716,0.0,2.6
189,29057,La Forêt-Fouesnant,Communauté de communes du Pays Fouesnantais,242900660,5756811.585557326,148869.5857208313,17301.481982552963,3168.681555531156,11.6,2.6
361,29294,Le Tréhou,Communauté d'agglomération du Pays de Landerneau-Daoulas,242900801,1521475.7479888438,40088.40949241682,0.0,23405.826621369368,0.0,2.6
213,29087,Le Juch,Douarnenez Communauté,242900645,1318274.9531667905,33815.38942881122,2387.0202830926596,8734.690713365859,7.1,2.6
295,29206,Plounévez-Lochrist,Haut-Léon Communauté,200067072,4776166.081139317,122455.18998710641,0.0,67807.02518622467,0.0,2.6
507,56243,Séné,Golfe du Morbihan - Vannes agglomération,200067932,6487177.340607873,169576.08792849662,1390.4424672826724,9288.223817373979,0.8,2.6
205,29077,Guissény,Communauté Lesneven Côte des Légendes,242900793,3738759.1184711633,95834.90950677155,133.29457185638134,13024.215559525173,0.1,2.6
370,35004,Val-Couesnon,Couesnon Marches de Bretagne,200070688,8229228.818647949,217981.12228554097,26267.232992853984,25582.95213472349,12.1,2.6
373,35019,Bazouges-la-Pérouse,Couesnon Marches de Bretagne,200070688,4301005.388413748,113439.86993987138,4199.247679692495,19674.61234762966,3.7,2.6
38,22110,Lanmérin,Lannion Trégor Communauté,200065928,638041.8680642026,15713.899181257837,0.0,3306.3906926080394,0.0,2.5
444,56063,Gestel,Lorient Agglomération,200042174,1845084.2390568117,45966.48336055963,0.0,322.8091444602165,0.0,2.5
446,56069,Groix,Lorient Agglomération,200042174,3689468.871715321,92455.02961139615,0.0,5472.94138193213,0.0,2.5
503,56233,Saint-Philibert,Auray Quiberon Terre Atlantique,200043123,3104125.59943587,77260.3534645682,0.0,1380.6325099298867,0.0,2.5
194,29063,Goulien,Communauté de communes Cap Sizun - Pointe du Raz,242900629,1187174.8438851757,29923.649139138604,0.0,11177.695417514187,0.0,2.5
281,29187,Plougar,Communauté de communes du Pays de Landivisiau,242900751,1754102.7331835139,43654.488728029304,0.0,28389.74029116902,0.0,2.5
128,22343,Trébeurden,Lannion Trégor Communauté,200065928,4998610.768600894,124179.73559372485,0.0,7077.79136778513,0.0,2.5
422,56007,Auray,Auray Quiberon Terre Atlantique,200043123,5205096.755072866,130184.57754515635,1121.7595026134434,0.0,0.9,2.5
378,35078,Cherrueix,Communauté de communes du pays de Dol et de la Baie du Mont St Michel,200070670,1953612.0620820294,48998.8826333362,0.0,11391.740138252275,0.0,2.5
165,29021,Plounéour-Brignogan-plages,Communauté Lesneven Côte des Légendes,242900793,4306075.036944251,105807.43701112301,0.0,15909.94726112677,0.0,2.5
32,22101,Langoat,Lannion Trégor Communauté,200065928,2490697.8635753808,62381.80224923249,0.0,22917.051444111414,0.0,2.5
475,56137,Monterblanc,Golfe du Morbihan - Vannes agglomération,200067932,5069133.698549581,121158.38774830138,5976.9021337141885,4294.393154502233,4.9,2.4
23,22079,Hénon,Lamballe Terre et Mer,200069391,4685369.749428844,112308.54686323577,3097.2451041324393,18137.615282527397,2.8,2.4
495,56185,Quéven,Lorient Agglomération,200042174,10479963.841192035,252889.3941855945,10028.819929419733,2009.5326920642108,4.0,2.4
20,22063,Gommenec'h,Leff Armor Communauté,200069086,1090289.6310818298,26707.23217163198,0.0,7150.504360915128,0.0,2.4
191,29059,Garlan,Morlaix Communauté,242900835,2325234.231272177,54911.78568271804,2426.940370148131,8923.025953175957,4.4,2.4
245,29143,Mahalon,Communauté de communes Cap Sizun - Pointe du Raz,242900629,1893313.469819142,45883.92456084719,0.0,6486.6142375034215,0.0,2.4
506,56241,Sauzon,Communauté de communes de Belle Ile en Mer,245600465,2808533.767058166,66878.96423326974,3965.9142129571665,2454.2971653716595,5.9,2.4
464,56111,Limerzel,Questembert Communauté,245614383,3182206.2433759756,76064.63349262743,903.6925165316852,7623.58101209934,1.2,2.4
267,29172,Plomodiern,Communauté de communes de Pleyben-Châteaulin-Porzay,200067247,5223424.256878762,120656.52459799142,1279.2456555224387,10593.124703158113,1.1,2.3
105,22265,Rospez,Lannion Trégor Communauté,200065928,2307918.857950478,53748.860143540456,0.0,13206.312458026205,0.0,2.3
391,35225,Plesder,Communauté de communes Bretagne Romantique,243500733,1167759.7069312418,26352.2687344669,0.0,3722.160327019964,0.0,2.3
164,29019,Brest,Brest Métropole,242900314,36440776.4345442,847328.7054074743,60774.399992664694,58678.25560749942,7.2,2.3
322,29239,Roscoff,Haut-Léon Communauté,200067072,3138185.430116507,72481.8498115857,2202.311595275228,15123.673532938548,3.0,2.3
100,22256,Quemper-Guézennec,Guingamp-Paimpol Agglomération,200067981,2956384.630511612,67340.84613962995,0.0,8810.210804524038,0.0,2.3
460,56101,Languidic,Lorient Agglomération,200042174,12462358.767824471,289364.02920887695,30407.466912239255,39719.2162258433,10.5,2.3
82,22218,Plougrescant,Lannion Trégor Communauté,200065928,3501752.7720747646,80126.3921180669,286.08314804838784,36245.10115515829,0.4,2.3
83,22221,Plouguiel,Lannion Trégor Communauté,200065928,3243134.5336810835,73787.30981138386,4509.556480882043,28299.69578194575,6.1,2.3
113,22283,Saint-Clet,Guingamp-Paimpol Agglomération,200067981,1820751.3823854118,41673.147191695025,0.0,4348.084710949204,0.0,2.3
66,22194,Plestin-les-Grèves,Lannion Trégor Communauté,200065928,6503851.244435479,141124.4479457846,8090.560214696253,16136.217779885135,5.7,2.2
156,29004,Bannalec,Quimperlé communauté,242900694,9410105.58940759,206150.21515758516,1922.1602107811088,26638.89930331826,0.9,2.2
48,22143,Matignon,Dinan Agglomération,200068989,2603902.5869084015,58330.448885948324,0.0,4148.7953536954,0.0,2.2
124,22325,Saint-Quay-Portrieux,Saint-Brieuc Armor Agglomération,200069409,3170641.8349121273,69040.64134555528,14.503916693400265,0.0,0.0,2.2
424,56009,Bangor,Communauté de communes de Belle Ile en Mer,245600465,2965242.8108736076,64498.036818884015,635.5547957332274,83.68066979324983,1.0,2.2
119,22307,Saint-Julien,Saint-Brieuc Armor Agglomération,200069409,1541463.6929223533,33725.39813552715,0.0,2021.9946924751398,0.0,2.2
417,35362,Le Tronchet,Saint-Malo Agglomération,243500782,2130980.506962799,46689.16689562472,0.0,7834.104901530748,0.0,2.2
365,29298,Tréogat,Communauté de communes du Haut Pays Bigouden,242900710,1275156.4209431338,27693.38544529646,0.0,2130.5844617692155,0.0,2.2
252,29151,Morlaix,Morlaix Communauté,242900835,10695149.410317801,236272.10645396248,0.0,13541.850502502504,0.0,2.2
231,29116,Lanneuffret,Communauté d'agglomération du Pays de Landerneau-Daoulas,242900801,314276.3483781778,6951.975322064009,0.0,190.64224807681154,0.0,2.2
215,29091,Kerlouan,Communauté Lesneven Côte des Légendes,242900793,4664684.309168227,100369.0418464619,0.0,18369.316492105103,0.0,2.2
381,35104,Epiniac,Communauté de communes du pays de Dol et de la Baie du Mont St Michel,200070670,3293755.3633942744,72590.0687161116,0.0,14018.30564332639,0.0,2.2
180,29044,Dinéault,Communauté de communes de Pleyben-Châteaulin-Porzay,200067247,3839037.486221486,85572.90461052988,0.0,13434.578639598523,0.0,2.2
178,29042,Crozon,Communauté de communes Presqu'île de Crozon-Aulne maritime,200066868,18302753.978444766,411129.41261078237,66720.8190542481,13908.303688510903,16.2,2.2
114,22286,Saint-Denoual,Lamballe Terre et Mer,200069391,866366.4078893625,18086.323617312126,0.0,1270.456367271909,0.0,2.1
135,22361,Tréguidel,Leff Armor Communauté,200069086,1067533.622008117,22237.22388056587,0.0,5084.981827159299,0.0,2.1
159,29008,Beuzec-Cap-Sizun,Communauté de communes Cap Sizun - Pointe du Raz,242900629,3082905.2916636257,66034.93908353453,0.0,10414.946203715419,0.0,2.1
72,22201,Plévenon,Dinan Agglomération,200068989,2339213.9393955846,48737.502335770594,0.0,2706.1930838777257,0.0,2.1
71,22199,Pleumeur-Gautier,Lannion Trégor Communauté,200065928,2458467.442647325,51484.05213598458,0.0,25877.30415241544,0.0,2.1
174,29035,Coat-Méal,Communauté de communes du Pays des Abers,242900553,1224277.454792671,26052.461656830677,0.0,7247.934246567025,0.0,2.1
214,29090,Kerlaz,Douarnenez Communauté,242900645,1537635.5699384017,31822.23695805979,0.0,1552.8500624146204,0.0,2.1
324,29241,Rosporden,Concarneau Cornouaille Agglomération,242900769,8666753.683869224,179729.2485715442,8387.959656410223,18356.05755906929,4.7,2.1
228,29111,Lanhouarneau,Haut-Léon Communauté,200067072,1883954.8566843448,40140.57257485631,0.0,4050.4223243188526,0.0,2.1
313,29228,Primelin,Communauté de communes Cap Sizun - Pointe du Raz,242900629,1425479.99905163,29717.86011187422,0.0,604.9413131585379,0.0,2.1
369,29302,Pont-de-Buis-lès-Quimerch,Communauté de communes Presqu'île de Crozon-Aulne maritime,200066868,6207110.186532776,125775.91334041355,6963.125127528078,6272.405726151279,5.5,2.0
344,29270,Saint-Urbain,Communauté d'agglomération du Pays de Landerneau-Daoulas,242900801,2609487.710282077,52659.069658933135,0.0,12711.31843067494,0.0,2.0
18,22056,Évran,Dinan Agglomération,200068989,2844345.4750988344,55586.48506653178,2403.668854043436,6441.533154127344,4.3,2.0
461,56106,Larmor-Baden,Golfe du Morbihan - Vannes agglomération,200067932,1411506.4213571122,27760.746097072744,0.0,0.0,0.0,2.0
498,56205,Saint-Armel,Golfe du Morbihan - Vannes agglomération,200067932,1811441.0367893847,36455.075987661214,0.0,500.1176072916345,0.0,2.0
419,56003,Arradon,Golfe du Morbihan - Vannes agglomération,200067932,5479610.733332192,107647.60394465797,4828.818929832371,16187.145723177773,4.5,2.0
40,22112,Lannebert,Leff Armor Communauté,200069086,919288.4288809868,18577.539201805102,39.030592597593625,3105.7799614074547,0.2,2.0
55,22172,Plancoët,Dinan Agglomération,200068989,2930366.5144025865,57438.08432413383,7793.7576501460935,3501.630554725237,13.6,2.0
74,22207,Plouaret,Lannion Trégor Communauté,200065928,3850223.8516397798,77349.89705173479,0.0,39815.85568175941,0.0,2.0
163,29017,Brélès,Pays d'Iroise Communauté,242900074,1456339.839096218,29829.92361299444,0.0,5754.034547677591,0.0,2.0
70,22198,Pleumeur-Bodou,Lannion Trégor Communauté,200065928,7618330.335055853,144351.24257835723,27.69017733134799,19271.359623065935,0.0,1.9
416,35361,Le Vivier-sur-Mer,Communauté de communes du pays de Dol et de la Baie du Mont St Michel,200070670,863202.6015528626,15979.723150090189,4127.723198797679,0.0,25.8,1.9
91,22236,Pludual,Leff Armor Communauté,200069086,1307048.1620958901,25112.16478559275,0.0,11856.661865695958,0.0,1.9
86,22226,Ploumilliau,Lannion Trégor Communauté,200065928,4622395.247740715,87563.23055368882,17705.325575427185,11843.843243370606,20.2,1.9
44,22119,Lanvellec,Lannion Trégor Communauté,200065928,1836202.4698290124,34070.51553197684,0.0,3304.674623275007,0.0,1.9
60,22179,Fréhel,Dinan Agglomération,200068989,4925691.525041789,93864.36791598127,7144.519125724849,3031.034357199162,7.6,1.9
79,22213,Plouër-sur-Rance,Dinan Agglomération,200068989,4610474.805206715,88872.89022910225,1893.76355666284,16013.251259051394,2.1,1.9
69,22197,Pleudihen-sur-Rance,Dinan Agglomération,200068989,4239222.183832332,80301.86384966895,23163.286896337773,12261.120389756526,28.8,1.9
97,22250,Pontrieux,Guingamp-Paimpol Agglomération,200067981,790978.7301074263,14933.805696469753,2153.303115148943,0.0,14.4,1.9
238,29132,Locquénolé,Morlaix Communauté,242900835,678073.3783024995,12686.473545853745,0.0,0.0,0.0,1.9
421,56005,Arzon,Golfe du Morbihan - Vannes agglomération,200067932,4876701.562798733,91243.15523572061,9338.33537622145,1457.4355927898105,10.2,1.9
219,29098,Lampaul-Plouarzel,Pays d'Iroise Communauté,242900074,2097710.077648199,38996.83056822671,0.0,0.0,0.0,1.9
316,29233,Quimperlé,Quimperlé communauté,242900694,9024964.988132082,173398.89781579078,14248.778112444033,489.55682127537636,8.2,1.9
14,22049,Créhen,Dinan Agglomération,200068989,3024159.925466227,56302.61083694341,0.0,9753.966783252281,0.0,1.9
282,29188,Plougasnou,Morlaix Communauté,242900835,7300167.185386745,136885.35401508037,10526.252811431079,21218.052838064414,7.7,1.9
352,29284,Treffiagat,Communauté de communes du Pays Bigouden Sud,242900702,2896708.006885763,54222.93236753652,0.0,1571.647081921105,0.0,1.9
360,29293,Trégunc,Concarneau Cornouaille Agglomération,242900769,10599914.43807332,204335.1997719763,3268.4130339773164,25121.763585928235,1.6,1.9
166,29022,Camaret-sur-Mer,Communauté de communes Presqu'île de Crozon-Aulne maritime,200066868,3696473.5709717264,68825.99175421325,194.07663881682362,0.0,0.3,1.9
118,22302,Saint-Jacut-de-la-Mer,Dinan Agglomération,200068989,1888818.509818104,36111.91426196904,3788.396718805061,0.0,10.5,1.9
133,22356,Trégomeur,Leff Armor Communauté,200069086,1690350.3699689244,32021.162852123543,0.0,6038.2200982383565,0.0,1.9
160,29010,Bodilis,Communauté de communes du Pays de Landivisiau,242900751,4238263.732538078,79841.56646379147,0.0,17974.952160976525,0.0,1.9
127,22340,Tonquédec,Lannion Trégor Communauté,200065928,2196604.4589619585,42171.52972773146,3632.4564094432326,9457.405007961475,8.6,1.9
10,22035,Les Champs-Géraux,Dinan Agglomération,200068989,1915462.4610183318,33865.30834645017,0.0,4360.458191147055,0.0,1.8
247,29145,Confort-Meilars,Communauté de communes Cap Sizun - Pointe du Raz,242900629,1662582.6711997655,30129.051870988165,0.0,4554.571987250516,0.0,1.8
438,56052,Damgan,Communauté de communes Arc Sud Bretagne,200027027,3864460.9193961895,69809.72669576653,0.0,3001.6282778687923,0.0,1.8
451,56085,Hœdic,Auray Quiberon Terre Atlantique,200043123,182257.2437502579,3194.5263072993557,0.0,553.8906161012382,0.0,1.8
436,56040,Cléguer,Lorient Agglomération,200042174,4672096.726476641,84761.42765448232,0.0,982.9229460565869,0.0,1.8
434,56034,Carnac,Auray Quiberon Terre Atlantique,200043123,9073548.205510382,163322.28729434859,917.1265333471551,2182.6899982441523,0.6,1.8
123,22324,Saint-Quay-Perros,Lannion Trégor Communauté,200065928,1856178.3311312222,32911.495895922555,4601.81059867433,1455.9186699118573,14.0,1.8
220,29099,Lampaul-Ploudalmézeau,Pays d'Iroise Communauté,242900074,1327875.0620186445,23876.37253694108,0.0,5178.307626856149,0.0,1.8
364,29297,Tréméven,Quimperlé communauté,242900694,2351195.6264593494,42730.81956747249,0.0,2430.4394889798627,0.0,1.8
243,29139,Lopérec,Monts d'Arrée Communauté,200067197,3066721.5274585616,56383.57425466238,0.0,19705.522905681042,0.0,1.8
326,29244,Saint-Derrien,Communauté de communes du Pays de Landivisiau,242900751,1476870.9187553104,26798.968318811032,0.0,6418.7088379607585,0.0,1.8
15,22050,Dinan,Dinan Agglomération,200068989,6060927.5944270175,100846.73381324424,0.0,1532.9174423218658,0.0,1.7
513,56258,La Trinité-sur-Mer,Auray Quiberon Terre Atlantique,200043123,3008374.4311771905,51792.9257292704,0.0,0.0,0.0,1.7
306,29218,Pont-Croix,Communauté de communes Cap Sizun - Pointe du Raz,242900629,1762411.0513051199,29975.71219091634,0.0,3151.3087153140186,0.0,1.7
323,29240,Rosnoën,Communauté de communes Presqu'île de Crozon-Aulne maritime,200066868,3161096.801336898,52527.83113549635,0.0,9150.656111589074,0.0,1.7
99,22254,Prat,Lannion Trégor Communauté,200065928,2426696.1032803487,40392.69229170403,0.0,34299.8253972523,0.0,1.7
93,22238,Plufur,Lannion Trégor Communauté,200065928,1384401.2135735303,23592.451674564647,403.7971998140557,3991.5477916713444,1.7,1.7
217,29094,Kernouës,Communauté Lesneven Côte des Légendes,242900793,1021664.9127998226,17851.352893417894,0.0,133.69188294327384,0.0,1.7
206,29078,Hanvec,Communauté d'agglomération du Pays de Landerneau-Daoulas,242900801,5604014.247895485,95134.25721320185,2010.4874644827785,20869.67482793747,2.1,1.7
52,22166,Penvénan,Lannion Trégor Communauté,200065928,5604415.483228946,97364.50011304604,276.18570900216287,36935.24336952115,0.3,1.7
470,56120,Locqueltas,Golfe du Morbihan - Vannes agglomération,200067932,4573481.007855059,75861.09275995241,0.0,2136.9009483607665,0.0,1.7
379,35093,Dinard,Communauté de communes de la Côte d'Emeraude,243500725,6692113.243769118,104899.12103448277,0.0,0.0,0.0,1.6
412,35329,Sougéal,Communauté de communes du pays de Dol et de la Baie du Mont St Michel,200070670,1604310.53718251,25902.72919781997,0.0,8136.103737706146,0.0,1.6
224,29104,Landévennec,Communauté de communes Presqu'île de Crozon-Aulne maritime,200066868,1181878.59616228,18764.961910563317,367.41417105638527,5208.953735965198,2.0,1.6
210,29084,Île-Molène,Pays d'Iroise Communauté,242900074,265373.43584259076,4150.412826947049,0.0,159.58444162213257,0.0,1.6
389,35222,Pleine-Fougères,Communauté de communes du pays de Dol et de la Baie du Mont St Michel,200070670,4241316.697583214,66578.16603641417,0.0,19781.527131927523,0.0,1.6
212,29086,Irvillac,Communauté d'agglomération du Pays de Landerneau-Daoulas,242900801,3074438.7604648275,50717.34532313111,0.0,18693.818531139597,0.0,1.6
73,22204,Ploëzal,Guingamp-Paimpol Agglomération,200067981,2901377.9278820455,45598.980950619836,0.0,4712.601906182094,0.0,1.6
56,22174,Pléboulle,Dinan Agglomération,200068989,1726842.857471065,27433.60430183507,0.0,9132.933989926367,0.0,1.6
153,29001,Argol,Communauté de communes Presqu'île de Crozon-Aulne maritime,200066868,4029785.7483313875,64502.8664897773,0.0,3735.722787394292,0.0,1.6
407,35291,Saint-Marcan,Communauté de communes du pays de Dol et de la Baie du Mont St Michel,200070670,1079821.7136146494,16009.533560549104,0.0,12704.177811537149,0.0,1.5
30,22096,Landébia,Dinan Agglomération,200068989,751563.7592187608,11197.673611299511,0.0,897.4709225258565,0.0,1.5
150,22387,Le Vieux-Marché,Lannion Trégor Communauté,200065928,2914621.8582445574,42890.54772656171,401.40229139816176,6538.253551099527,0.9,1.5
366,29299,Tréouergat,Pays d'Iroise Communauté,242900074,572568.4711445946,8731.992831966709,0.0,4789.5996826347255,0.0,1.5
328,29246,Saint-Eloy,Communauté d'agglomération du Pays de Landerneau-Daoulas,242900801,784616.6846873432,12113.834138550686,0.0,2036.1184646696126,0.0,1.5
308,29221,Porspoder,Pays d'Iroise Communauté,242900074,2879228.292484538,42650.8688631872,0.0,0.0,0.0,1.5
261,29166,Ploéven,Communauté de communes de Pleyben-Châteaulin-Porzay,200067247,1065405.273716438,16237.289177174558,0.0,3946.312721794286,0.0,1.5
309,29222,Port-Launay,Communauté de communes de Pleyben-Châteaulin-Porzay,200067247,409343.42604619754,6222.914410625364,0.0,0.0,0.0,1.5
101,22257,Quemperven,Lannion Trégor Communauté,200065928,827827.1831239354,12353.860101427503,0.0,2947.8903731261044,0.0,1.5
120,22311,Saint-Lormel,Dinan Agglomération,200068989,1589014.2191520035,23869.712999197553,0.0,5135.045418944178,0.0,1.5
122,22323,Saint-Pôtan,Dinan Agglomération,200068989,2042799.873250327,30963.81639688369,0.0,5882.938935299271,0.0,1.5
145,22378,Trévérec,Leff Armor Communauté,200069086,480992.9681461597,7117.289518965243,0.0,3645.5787777064365,0.0,1.5
468,56118,Locmiquélic,Lorient Agglomération,200042174,1808982.9616258566,24584.982581591434,0.0,2924.8115247861538,0.0,1.4
414,35354,Vieux-Viel,Communauté de communes du pays de Dol et de la Baie du Mont St Michel,200070670,1014413.5515910784,14392.371252566638,0.0,3604.5434783507853,0.0,1.4
359,29292,Tréguennec,Communauté de communes du Pays Bigouden Sud,242900702,987918.4035145963,14028.715832605849,0.0,1050.5355606159715,0.0,1.4
116,22293,Saint-Gilles-les-Bois,Leff Armor Communauté,200069086,931857.9118674821,12667.19822477339,0.0,3513.3217029012735,0.0,1.4
25,22085,Kerbors,Lannion Trégor Communauté,200065928,908500.3713239114,12845.730414679721,0.0,944.1056148707096,0.0,1.4
285,29191,Plougonven,Morlaix Communauté,242900835,6204657.699589743,82492.3839073726,6846.241181011185,11759.859202626954,8.3,1.3
398,35255,Saint-Benoît-des-Ondes,Saint-Malo Agglomération,243500782,794463.8959124855,10514.97394387479,0.0,0.0,0.0,1.3
251,29150,Moëlan-sur-Mer,Quimperlé communauté,242900694,10830519.616068019,136228.87108067205,62.92087844485493,16656.769838569337,0.0,1.3
321,29238,Roscanvel,Communauté de communes Presqu'île de Crozon-Aulne maritime,200066868,2797229.3062099717,35930.23662159048,0.0,499.58475408696097,0.0,1.3
462,56107,Larmor-Plage,Lorient Agglomération,200042174,4306160.478290021,55647.4970787351,103.64219208178741,0.0,0.2,1.3
112,22282,Saint-Cast-le-Guildo,Dinan Agglomération,200068989,7666263.275009273,102287.69961537035,1398.5377241786457,11006.033926108275,1.4,1.3
400,35259,Saint-Broladre,Communauté de communes du pays de Dol et de la Baie du Mont St Michel,200070670,2686332.84052834,34389.26335657941,0.0,10289.987847734177,0.0,1.3
318,29235,Le Relecq-Kerhuon,Brest Métropole,242900314,5345697.449144938,66260.99301334153,887.9897187919314,0.0,1.3,1.2
335,29256,Saint-Nic,Communauté de communes de Pleyben-Châteaulin-Porzay,200067247,2042284.4597035497,24427.18821204577,0.0,3035.5773153267182,0.0,1.2
459,56098,Lanester,Lorient Agglomération,200042174,10150713.201110179,124370.09264435139,5176.368288007592,1406.1448514430028,4.2,1.2
130,22349,Trédrez-Locquémeau,Lannion Trégor Communauté,200065928,2431117.0514953965,30172.28533593141,4680.812680037343,408.100782639385,15.5,1.2
399,35256,Saint-Briac-sur-Mer,Communauté de communes de la Côte d'Emeraude,243500725,4235953.750713174,52323.61164182273,1013.4193735617113,4738.3668792213,1.9,1.2
496,56186,Quiberon,Auray Quiberon Terre Atlantique,200043123,5248995.690257641,55728.47793069997,4181.332455970435,2990.351658337251,7.5,1.1
109,22278,Saint-Brieuc,Saint-Brieuc Armor Agglomération,200069409,14513762.478447706,160809.84578531585,14154.21800636273,745.6238824093604,8.8,1.1
504,56234,Saint-Pierre-Quiberon,Auray Quiberon Terre Atlantique,200043123,4075053.1081702737,44414.108061978586,0.0,5364.651048682743,0.0,1.1
467,56116,Locmariaquer,Auray Quiberon Terre Atlantique,200043123,3190213.969727207,27828.705050742512,4804.2842311589375,3125.6265320867683,17.3,0.9
121,22319,Saint-Michel-en-Grève,Lannion Trégor Communauté,200065928,713716.0270925846,5909.595191886721,0.0,3502.7677385682946,0.0,0.8
413,35339,Trans-la-Forêt,Communauté de communes du pays de Dol et de la Baie du Mont St Michel,200070670,1614696.522695135,13707.774006431417,0.0,7682.215402556312,0.0,0.8
242,29137,Logonna-Daoulas,Communauté d'agglomération du Pays de Landerneau-Daoulas,242900801,3088815.9766128766,25683.194460990235,0.0,9649.422030890775,0.0,0.8
340,29264,Saint-Servais,Communauté de communes du Pays de Landivisiau,242900751,3023189.004678326,20535.227662499918,0.0,2279.6481956537273,0.0,0.7
201,29072,Le Guilvinec,Communauté de communes du Pays Bigouden Sud,242900702,1926853.8820956373,13595.749673625272,466.5658157132134,0.0,3.4,0.7
117,22299,Saint-Hélen,Dinan Agglomération,200068989,1985594.7312584892,13297.300949160017,0.0,1789.4669155896245,0.0,0.7
211,29085,Île-Tudy,Communauté de communes du Pays Bigouden Sud,242900702,887197.2929593808,5125.633270053727,0.0,0.0,0.0,0.6
209,29082,Île-de-Batz,Haut-Léon Communauté,200067072,744650.539854513,4279.004940303218,0.0,1531.519172331335,0.0,0.6
471,56121,Lorient,Lorient Agglomération,200042174,13800725.971958544,88380.78310191835,16780.200608260144,0.0,19.0,0.6
234,29120,Lanvéoc,Communauté de communes Presqu'île de Crozon-Aulne maritime,200066868,6019901.112903995,29395.940665130394,136.16847208981915,3916.593660635537,0.5,0.5
131,22350,Tréduder,Lannion Trégor Communauté,200065928,548878.6615720645,2804.8054389644562,0.0,1264.9322644147567,0.0,0.5
148,22383,Troguéry,Lannion Trégor Communauté,200065928,468652.0492634743,2399.4487787227463,470.4811082747345,1928.9676704480119,19.6,0.5
90,22235,Plouzélambre,Lannion Trégor Communauté,200065928,622896.7592341341,2187.3503357406685,0.0,1757.9788901201855,0.0,0.4
388,35186,Mont-Dol,Communauté de communes du pays de Dol et de la Baie du Mont St Michel,200070670,2709743.6112227216,10807.975726326964,0.0,2810.2027483068428,0.0,0.4
221,29100,Lanarvily,Communauté Lesneven Côte des Légendes,242900793,578208.8295498365,1740.5966107022798,0.0,101.16882148722158,0.0,0.3
443,56062,Gâvres,Lorient Agglomération,200042174,774863.5358148972,2176.1365156537713,0.0,0.0,0.0,0.3
37,22109,Lanloup,Guingamp-Paimpol Agglomération,200067981,555830.2443111581,1465.9351830507078,0.0,0.0,0.0,0.3
453,56087,Île-aux-Moines,Golfe du Morbihan - Vannes agglomération,200067932,1534537.8253075336,3776.3621889698616,0.0,279.74930486409846,0.0,0.2
452,56086,Île-d'Houat,Auray Quiberon Terre Atlantique,200043123,415063.9946046484,278.7208862855889,0.0,0.0,0.0,0.1
493,56181,Port-Louis,Lorient Agglomération,200042174,1155145.8498922717,872.7326217541101,0.0,0.0,0.0,0.1
